-- phpMyAdmin SQL Dump
-- version 3.3.8
-- http://www.phpmyadmin.net
--
-- Serveur: sql.olympe-network.com
-- Généré le : Jeu 30 Décembre 2010 à 18:43
-- Version du serveur: 5.5.3
-- Version de PHP: 5.3.3-6

SET SQL_MODE="NO_AUTO_VALUE_ON_ZERO";


/*!40101 SET @OLD_CHARACTER_SET_CLIENT=@@CHARACTER_SET_CLIENT */;
/*!40101 SET @OLD_CHARACTER_SET_RESULTS=@@CHARACTER_SET_RESULTS */;
/*!40101 SET @OLD_COLLATION_CONNECTION=@@COLLATION_CONNECTION */;
/*!40101 SET NAMES utf8 */;

--
-- Base de données: `23051_pumbaa`
--

-- --------------------------------------------------------

--
-- Structure de la table `ALERT_MAIL`
--

CREATE TABLE IF NOT EXISTS `ALERT_MAIL` (
  `fk_user_id` varchar(3) NOT NULL,
  `date_croissant` date NOT NULL,
  UNIQUE KEY `fk_user_id` (`fk_user_id`,`date_croissant`)
) ENGINE=MyISAM DEFAULT CHARSET=latin1;

--
-- Contenu de la table `ALERT_MAIL`
--

INSERT INTO `ALERT_MAIL` (`fk_user_id`, `date_croissant`) VALUES
('ADU', '2010-07-30'),
('VHE', '2010-05-21');

-- --------------------------------------------------------

--
-- Structure de la table `ALERT_MAIL_ERROR`
--

CREATE TABLE IF NOT EXISTS `ALERT_MAIL_ERROR` (
  `pk_alert_mail_error_id` int(11) NOT NULL,
  `date` datetime NOT NULL,
  `error` varchar(250) NOT NULL,
  PRIMARY KEY (`pk_alert_mail_error_id`)
) ENGINE=MyISAM DEFAULT CHARSET=latin1;

--
-- Contenu de la table `ALERT_MAIL_ERROR`
--


-- --------------------------------------------------------

--
-- Structure de la table `CROISSANTS_APPORTES`
--

CREATE TABLE IF NOT EXISTS `CROISSANTS_APPORTES` (
  `pk_croissants_apportes_id` int(11) NOT NULL AUTO_INCREMENT,
  `fk_user_id` varchar(3) NOT NULL,
  `date` date NOT NULL,
  PRIMARY KEY (`pk_croissants_apportes_id`)
) ENGINE=MyISAM  DEFAULT CHARSET=latin1 AUTO_INCREMENT=132 ;

--
-- Contenu de la table `CROISSANTS_APPORTES`
--

INSERT INTO `CROISSANTS_APPORTES` (`pk_croissants_apportes_id`, `fk_user_id`, `date`) VALUES
(1, 'MPJ', '2008-06-13'),
(2, 'SGB', '2008-06-20'),
(3, 'ICH', '2008-06-27'),
(4, 'EJO', '2008-07-04'),
(5, 'CEL', '2008-07-11'),
(6, 'CJD', '2008-07-18'),
(7, 'LCO', '2008-07-25'),
(8, '-', '2008-08-01'),
(9, 'TFO', '2008-08-08'),
(10, 'MPJ', '2008-08-15'),
(11, 'SGB', '2008-08-22'),
(12, 'EJO', '2008-08-29'),
(13, 'ODE', '2008-09-05'),
(14, 'GMO', '2008-09-12'),
(15, 'SGB', '2008-09-19'),
(16, 'TFO', '2008-09-26'),
(17, 'LCO', '2008-10-03'),
(18, 'CEL', '2008-10-10'),
(19, 'MPJ', '2008-10-17'),
(20, 'VHE', '2008-10-24'),
(21, 'GMO', '2008-10-31'),
(22, 'FDA', '2008-11-07'),
(23, 'EJO', '2008-11-14'),
(24, 'SGB', '2008-11-21'),
(25, 'LCO', '2008-11-28'),
(26, 'ODE', '2008-12-05'),
(27, 'CEL', '2008-12-12'),
(28, 'COE', '2008-12-19'),
(29, '-', '2008-12-26'),
(30, '-', '2009-01-02'),
(31, 'TFO', '2009-01-09'),
(32, 'VHE', '2009-01-16'),
(33, 'ADU', '2009-01-23'),
(34, 'ODE', '2009-01-30'),
(35, 'LCO', '2009-01-23'),
(36, 'MPJ', '2009-02-06'),
(37, 'CAG', '2009-02-13'),
(38, 'SGB', '2009-02-20'),
(39, 'GMO', '2009-02-27'),
(40, 'FBU', '2009-03-06'),
(41, 'ADU', '2009-03-13'),
(42, 'TFO', '2009-03-20'),
(43, 'COE', '2009-03-27'),
(44, 'SGB', '2009-04-17'),
(45, 'EJO', '2009-04-03'),
(46, '-', '2009-04-10'),
(47, 'LCO', '2009-04-24'),
(48, 'SGB', '2009-05-01'),
(49, 'ADU', '2009-05-08'),
(50, 'EJO', '2009-05-15'),
(51, 'cag', '2009-05-29'),
(52, 'sgb', '2009-05-29'),
(53, '-', '2009-05-22'),
(54, 'LKL', '2009-06-05'),
(55, 'AHB', '2009-06-12'),
(56, 'VHE', '2009-06-19'),
(57, 'LCO', '2009-06-26'),
(58, 'GWU', '2009-07-03'),
(59, 'JPD', '2009-07-10'),
(60, 'LKL', '2009-07-17'),
(61, '-', '2009-07-24'),
(62, 'LHA', '2009-08-07'),
(63, 'VHE', '2009-08-14'),
(64, 'MHE', '2009-08-21'),
(65, 'ADU', '2009-08-28'),
(66, 'MPJ', '2009-09-04'),
(67, 'SGB', '2009-09-11'),
(68, 'GWU', '2009-09-18'),
(69, 'LCO', '2009-09-25'),
(70, 'TFO', '2009-10-09'),
(71, 'SGB', '2009-10-02'),
(72, 'EJO', '2009-10-16'),
(73, 'GWU', '2009-10-16'),
(74, 'GMO', '2009-10-23'),
(75, 'AHB', '2009-10-30'),
(76, 'LCO', '2009-11-06'),
(77, 'OLD', '2009-11-13'),
(78, 'JPD', '2009-11-20'),
(79, 'FBU', '2009-07-31'),
(80, 'GWU', '2009-11-27'),
(81, 'COE', '2009-12-04'),
(82, 'FBU', '2009-12-11'),
(83, 'IGH', '2009-12-18'),
(84, 'SGB', '2009-12-25'),
(85, '-', '2010-01-01'),
(86, 'MHE', '2010-01-08'),
(87, 'ADU', '2010-01-15'),
(88, 'FDA', '2010-01-22'),
(89, 'PMD', '2010-01-29'),
(90, 'JCB', '2010-02-12'),
(91, 'OLD', '2010-02-19'),
(92, 'JPD', '2010-02-26'),
(93, 'GWU', '2010-03-05'),
(94, 'FBU', '2010-03-12'),
(95, 'DBY', '2010-03-19'),
(96, 'CAG', '2010-03-26'),
(97, 'MHE', '2010-04-09'),
(98, 'AHB', '2010-04-16'),
(99, 'OLD', '2010-04-23'),
(100, 'ADU', '2010-04-30'),
(101, 'LKL', '2010-05-07'),
(102, 'VHE', '2010-05-21'),
(103, 'GWU', '2010-06-04'),
(104, 'BDD', '2010-06-11'),
(105, 'MHE', '2010-06-18'),
(106, 'LCO', '2010-06-25'),
(107, 'JPD', '2010-07-02'),
(108, 'FBU', '2010-07-09'),
(109, 'FDA', '2010-07-16'),
(110, 'OLD', '2010-07-23'),
(111, 'SGB', '2010-08-06'),
(112, 'PGH', '2010-08-13'),
(113, 'FDA', '2010-09-03'),
(114, 'DBY', '2010-09-10'),
(115, 'GWU', '2010-09-17'),
(116, 'RWR', '2010-08-20'),
(117, 'JCB', '2010-08-27'),
(118, 'PGH', '2010-09-24'),
(119, 'FBU', '2010-10-15'),
(120, 'JPD', '2010-10-01'),
(121, 'MDO', '2010-10-08'),
(122, 'BPE', '2010-10-22'),
(123, 'LBU', '2010-10-29'),
(124, 'DDA', '2010-11-05'),
(125, 'RWR', '2010-11-12'),
(126, 'FDA', '2010-11-19'),
(127, 'MPJ', '2010-11-26'),
(128, 'LKL', '2010-12-03'),
(129, 'LCA', '2010-12-17'),
(130, 'eca', '2010-12-10'),
(131, 'SBG', '2010-12-24');

-- --------------------------------------------------------

--
-- Structure de la table `HISTORY`
--

CREATE TABLE IF NOT EXISTS `HISTORY` (
  `pk_history_id` int(11) NOT NULL AUTO_INCREMENT,
  `fk_user_id` varchar(3) NOT NULL,
  `date` date NOT NULL,
  `date_from_change` datetime NOT NULL,
  `subscribe` tinyint(2) NOT NULL,
  PRIMARY KEY (`pk_history_id`)
) ENGINE=MyISAM  DEFAULT CHARSET=latin1 AUTO_INCREMENT=213 ;

--
-- Contenu de la table `HISTORY`
--

INSERT INTO `HISTORY` (`pk_history_id`, `fk_user_id`, `date`, `date_from_change`, `subscribe`) VALUES
(1, 'ODE', '2009-01-23', '2009-01-09 10:01:12', 1),
(2, 'ODE', '2009-01-23', '2009-01-20 04:56:33', -1),
(3, 'CEL', '2009-01-30', '2009-01-09 00:00:00', 1),
(4, 'COE', '2009-02-06', '2009-01-09 00:00:00', 1),
(5, 'LCO', '2009-02-13', '2009-01-09 00:00:00', 1),
(6, 'GMO', '2009-02-20', '2009-01-09 00:00:00', 1),
(7, 'cag', '2009-02-27', '2009-01-16 00:00:00', 1),
(8, 'ODE', '2009-03-06', '2009-01-20 04:56:40', 1),
(9, 'ADM', '2009-01-23', '2009-01-21 02:26:16', 2),
(10, 'ADM', '2009-01-23', '2009-01-21 02:26:39', -2),
(11, 'LCO', '2009-01-23', '2009-01-21 02:26:49', 2),
(12, 'LCO', '2009-02-13', '2009-01-23 09:07:54', -1),
(13, 'CEL', '2009-01-30', '2009-01-23 10:08:13', -1),
(14, 'ODE', '2009-01-30', '2009-01-27 01:26:43', 1),
(15, 'ODE', '2009-03-06', '2009-01-27 01:26:44', -1),
(16, 'MPJ', '2009-02-06', '2009-02-05 09:04:15', 2),
(17, 'COE', '2009-02-06', '2009-02-05 09:11:11', -1),
(18, 'COE', '2009-02-13', '2009-02-05 09:10:55', 1),
(19, 'SGB', '2009-03-06', '2009-02-05 09:20:11', 1),
(20, 'SGB', '2009-03-06', '2009-02-05 09:20:55', 2),
(21, 'SGB', '2009-03-06', '2009-02-05 09:20:54', -2),
(22, 'SGB', '2009-02-27', '2009-02-05 09:21:07', 2),
(23, 'SGB', '2009-02-27', '2009-02-05 09:21:39', -2),
(24, 'SGB', '2009-02-27', '2009-02-05 09:21:20', 2),
(25, 'MPJ', '2009-02-06', '2009-02-05 09:21:14', -2),
(26, 'SGB', '2009-02-27', '2009-02-05 09:21:46', -2),
(27, 'MPJ', '2009-02-06', '2009-02-05 09:21:15', 1),
(28, 'SGB', '2009-02-06', '2009-02-05 09:21:54', 2),
(29, 'COE', '2009-02-13', '2009-02-06 10:33:45', -1),
(30, 'cag', '2009-02-27', '2009-02-11 12:04:02', -1),
(31, 'cag', '2009-02-13', '2009-02-11 12:04:14', 1),
(32, 'LCO', '2009-02-27', '2009-02-13 02:43:26', 1),
(33, 'LCO', '2009-02-27', '2009-02-16 03:21:30', -1),
(34, 'CEL', '2009-03-13', '2009-02-17 08:21:23', 1),
(35, 'GMO', '2009-02-20', '2009-02-20 09:00:35', -1),
(36, 'SGB', '2009-03-06', '2009-02-20 09:00:54', -1),
(37, 'SGB', '2009-02-20', '2009-02-20 09:02:44', 1),
(38, 'SGB', '2009-02-20', '2009-02-20 09:02:55', -1),
(39, 'SGB', '2009-02-20', '2009-02-20 09:03:37', 1),
(40, 'SGB', '2009-02-20', '2009-02-20 09:04:26', -1),
(41, 'SGB', '2009-02-20', '2009-02-20 09:04:30', 1),
(42, 'GMO', '2009-02-27', '2009-02-20 09:50:41', 1),
(43, 'FBU', '2009-03-06', '2009-02-26 16:20:47', 1),
(44, 'MCI', '2009-03-27', '2009-03-04 15:34:59', 1),
(45, 'TFO', '2009-03-20', '2009-03-11 17:30:16', 1),
(46, 'COE', '2009-04-03', '2009-03-13 08:02:07', 1),
(47, 'COE', '2009-03-27', '2009-03-13 08:02:29', 2),
(48, 'MCI', '2009-03-20', '2009-03-17 08:06:17', 2),
(49, 'MCI', '2009-04-03', '2009-03-17 08:06:19', 2),
(50, 'MCI', '2009-04-10', '2009-03-17 08:06:22', 1),
(51, 'MCI', '2009-03-27', '2009-03-17 08:06:28', -1),
(52, 'LCO', '2009-04-17', '2009-03-19 16:44:25', 1),
(53, 'LCO', '2009-04-10', '2009-03-26 10:40:08', 2),
(54, 'COE', '2009-04-03', '2009-03-26 11:32:31', -1),
(55, 'LCO', '2009-04-10', '2009-03-30 15:44:06', -2),
(56, 'LCO', '2009-04-17', '2009-03-30 15:44:10', -1),
(57, 'LCO', '2009-04-03', '2009-03-30 15:44:11', 1),
(58, 'LCO', '2009-04-03', '2009-04-01 09:27:36', -1),
(59, 'LCO', '2009-04-24', '2009-04-01 09:27:44', 1),
(60, 'MCI', '2009-04-03', '2009-04-01 09:28:13', -2),
(61, 'MCI', '2009-04-10', '2009-04-07 10:18:47', -1),
(62, 'MCI', '2009-04-17', '2009-04-07 10:18:53', 1),
(63, 'SGB', '2009-04-24', '2009-04-16 16:58:18', 2),
(64, 'SGB', '2009-04-24', '2009-04-16 16:58:19', -2),
(65, 'SGB', '2009-04-17', '2009-04-16 16:58:21', 2),
(66, 'SGB', '2009-05-01', '2009-04-30 20:31:35', 1),
(67, 'CEL', '2009-05-08', '2009-05-06 09:31:04', 1),
(68, 'cag', '2009-05-29', '2009-05-08 09:20:54', 1),
(69, 'LKL', '2009-06-05', '2009-05-08 09:32:27', 1),
(70, 'EJO', '2009-05-15', '2009-05-08 09:33:24', 1),
(71, 'VHE', '2009-06-19', '2009-05-15 09:02:13', 1),
(72, 'cag', '2009-05-29', '2009-05-28 16:24:31', 2),
(73, 'cag', '2009-05-29', '2009-05-28 16:24:34', -1),
(74, 'CEL', '2009-06-12', '2009-06-05 08:37:40', 1),
(75, 'GWU', '2009-07-03', '2009-06-19 10:29:24', 1),
(76, 'LCO', '2009-06-26', '2009-06-23 14:35:02', 1),
(77, 'JPD', '2009-07-10', '2009-06-23 15:44:43', 1),
(78, 'JPD', '2009-07-10', '2009-06-23 15:44:55', -1),
(79, 'JPD', '2009-07-10', '2009-06-23 15:45:00', 1),
(80, 'LKL', '2009-07-17', '2009-06-26 10:06:36', 1),
(81, 'VHE', '2009-08-14', '2009-06-29 16:55:02', 1),
(82, 'FBU', '2009-07-24', '2009-07-01 09:40:24', 1),
(83, 'FBU', '2009-07-24', '2009-07-15 09:13:22', -1),
(84, 'FBU', '2009-07-31', '2009-07-15 09:13:24', 1),
(85, 'CEL', '2009-08-28', '2009-07-23 15:37:09', 1),
(86, 'CEL', '2009-08-07', '2009-08-06 08:42:38', 1),
(87, 'MHE', '2009-08-21', '2009-08-06 09:17:14', 1),
(88, 'CEL', '2009-08-28', '2009-08-14 09:22:15', -1),
(89, 'ADU', '2009-08-28', '2009-08-14 09:22:30', 1),
(90, 'LCO', '2009-09-18', '2009-08-26 09:15:32', 1),
(91, 'LCO', '2009-09-18', '2009-08-26 09:15:49', -1),
(92, 'LCO', '2009-09-25', '2009-08-26 09:15:50', 1),
(93, 'LCO', '2009-09-18', '2009-08-26 09:15:55', 2),
(94, 'MPJ', '2009-09-04', '2009-08-28 09:33:41', 1),
(95, 'SGB', '2009-09-11', '2009-09-04 08:14:13', 1),
(96, 'SGB', '2009-10-02', '2009-09-04 08:14:33', 1),
(97, 'GWU', '2009-09-18', '2009-09-08 13:45:32', 1),
(98, 'JPD', '2009-11-20', '2009-09-17 17:28:06', 1),
(99, 'TFO', '2009-10-09', '2009-09-25 08:26:13', 1),
(100, 'GMO', '2009-10-23', '2009-09-25 10:00:28', 1),
(101, 'ADU', '2009-10-30', '2009-09-29 17:20:44', 1),
(102, 'LCO', '2009-11-06', '2009-09-30 08:19:06', 1),
(103, 'OLD', '2009-11-13', '2009-10-07 17:53:56', 1),
(104, 'GWU', '2009-11-27', '2009-10-16 08:15:43', 1),
(105, 'COE', '2009-12-04', '2009-10-19 09:24:33', 1),
(106, 'FBU', '2009-12-11', '2009-10-22 09:13:30', 1),
(107, 'FBU', '2009-12-11', '2009-10-22 09:13:36', -1),
(108, 'FBU', '2009-12-11', '2009-10-22 09:13:38', 1),
(109, 'FBU', '2009-12-11', '2009-10-22 09:13:38', -1),
(110, 'FBU', '2009-12-11', '2009-10-22 09:13:39', 1),
(111, 'FBU', '2009-12-11', '2009-10-22 09:13:39', -1),
(112, 'FBU', '2009-12-11', '2009-10-22 09:13:40', 1),
(113, 'FBU', '2009-12-11', '2009-10-22 09:13:41', -1),
(114, 'FBU', '2009-12-11', '2009-10-22 09:13:41', 1),
(115, 'FBU', '2009-12-11', '2009-10-22 09:13:43', -1),
(116, 'FBU', '2009-12-11', '2009-10-22 09:13:44', 1),
(117, 'IGH', '2009-12-18', '2009-10-23 09:55:07', 1),
(118, 'MHE', '2010-01-08', '2009-10-30 08:52:05', 1),
(119, 'ADU', '2010-01-15', '2009-11-02 14:56:10', 1),
(120, 'FDA', '2010-01-22', '2009-11-13 09:43:39', 1),
(121, 'PMD', '2010-01-29', '2009-12-07 10:55:01', 1),
(122, 'SGB', '2009-12-25', '2009-12-24 08:20:43', 1),
(123, 'SGB', '2009-12-25', '2009-12-24 08:24:24', -1),
(124, 'SGB', '2009-12-25', '2009-12-24 08:26:44', -1),
(125, 'SGB', '2009-12-25', '2009-12-24 08:27:04', 1),
(126, 'SGB', '2009-12-25', '2009-12-24 08:27:55', -1),
(127, 'SGB', '2009-12-25', '2009-12-24 08:28:04', 1),
(128, 'SGB', '2009-12-25', '2009-12-24 08:29:01', -1),
(129, 'SGB', '2009-12-25', '2009-12-24 08:29:12', 1),
(130, 'SGB', '2009-12-25', '2009-12-24 08:29:38', -1),
(131, 'SGB', '2009-12-25', '2009-12-24 08:29:46', 1),
(132, 'SGB', '2009-12-25', '2009-12-24 08:30:34', -1),
(133, 'SGB', '2009-12-25', '2009-12-24 08:30:37', 1),
(134, 'OLD', '2010-02-05', '2010-01-07 09:11:45', 1),
(135, 'OLD', '2010-02-05', '2010-01-07 09:11:49', -1),
(136, 'OLD', '2010-02-19', '2010-01-07 09:11:54', 1),
(137, 'MPJ', '2010-02-05', '2010-01-15 08:58:42', 1),
(138, 'JCB', '2010-02-12', '2010-02-09 13:36:36', 1),
(139, 'JPD', '2010-02-26', '2010-02-12 09:19:28', 1),
(140, 'FBU', '2010-03-12', '2010-02-18 18:27:24', 1),
(141, 'GWU', '2010-03-05', '2010-02-23 10:38:29', 1),
(142, 'DBY', '2010-03-19', '2010-03-05 08:57:57', 1),
(143, 'ADU', '2010-03-26', '2010-03-09 13:35:40', 1),
(144, 'ADU', '2010-04-30', '2010-03-09 13:36:48', 1),
(145, 'MHE', '2010-04-09', '2010-03-18 21:38:26', 1),
(146, 'ADU', '2010-03-26', '2010-03-19 07:36:47', -1),
(147, 'ADU', '2010-04-16', '2010-03-19 07:37:23', 1),
(148, 'FBU', '2010-06-25', '2010-04-08 13:43:21', 1),
(149, 'OLD', '2010-04-23', '2010-04-08 13:46:33', 1),
(150, 'LCO', '2010-05-07', '2010-04-09 10:25:57', 1),
(151, 'VHE', '2010-05-21', '2010-04-13 10:28:45', 1),
(152, 'MPJ', '2010-05-28', '2010-04-15 15:34:32', 1),
(153, 'FDA', '2010-05-14', '2010-04-19 08:08:18', 1),
(154, 'GWU', '2010-06-04', '2010-05-03 09:23:08', 1),
(155, 'JPD', '2010-07-02', '2010-05-06 11:58:37', 1),
(156, 'LCO', '2010-06-11', '2010-05-07 14:20:37', 1),
(157, 'MHE', '2010-06-18', '2010-05-28 08:26:00', 1),
(158, 'LCO', '2010-06-11', '2010-05-28 09:27:41', -1),
(159, 'LCO', '2010-06-11', '2010-05-28 09:41:49', 2),
(160, 'LCO', '2010-07-09', '2010-05-28 09:41:56', 1),
(161, 'BDD', '2010-06-11', '2010-05-28 09:57:46', 1),
(162, 'LCO', '2010-06-25', '2010-06-24 16:01:07', 2),
(163, 'LCO', '2010-07-09', '2010-06-24 16:01:09', -1),
(164, 'ADU', '2010-07-30', '2010-07-01 09:12:52', 1),
(165, 'FDA', '2010-07-16', '2010-07-02 08:56:00', 1),
(166, 'FDA', '2010-09-03', '2010-07-02 08:56:08', 1),
(167, 'FBU', '2010-07-09', '2010-07-08 10:34:46', 1),
(168, 'OLD', '2010-07-23', '2010-07-16 08:30:44', 1),
(169, 'SGB', '2010-08-06', '2010-08-05 16:40:49', 1),
(170, 'SGB', '2010-08-06', '2010-08-05 16:41:16', -1),
(171, 'SGB', '2010-08-06', '2010-08-05 16:41:23', 1),
(172, 'PGH', '2010-08-13', '2010-08-06 08:26:56', 1),
(173, 'RWR', '2010-08-20', '2010-08-06 08:33:05', 1),
(174, 'JCB', '2010-08-27', '2010-08-10 09:28:47', 1),
(175, 'DBY', '2010-09-10', '2010-08-18 12:56:19', 1),
(176, 'GWU', '2010-09-17', '2010-08-27 08:51:09', 1),
(177, 'JPD', '2010-10-01', '2010-08-27 09:06:44', 1),
(178, 'FBU', '2010-10-15', '2010-09-02 16:51:39', 1),
(179, 'PGH', '2010-09-24', '2010-09-17 08:12:04', 1),
(180, 'MDO', '2010-10-08', '2010-09-24 09:07:16', 1),
(181, 'VHE', '2010-10-22', '2010-10-14 16:38:17', 1),
(182, 'VHE', '2010-10-22', '2010-10-14 16:38:34', -1),
(183, 'VHE', '2010-10-22', '2010-10-14 16:38:51', 1),
(184, 'FBU', '2010-10-15', '2010-10-14 17:32:28', -1),
(185, 'FBU', '2010-10-15', '2010-10-14 17:32:34', 1),
(186, 'LBU', '2010-10-29', '2010-10-15 08:53:50', 1),
(187, 'LCO', '2010-11-05', '2010-10-15 08:54:13', 1),
(188, 'LCO', '2010-11-05', '2010-10-15 08:55:48', -1),
(189, 'LCO', '2010-11-05', '2010-10-15 08:56:07', 1),
(190, 'LCO', '2010-11-05', '2010-10-15 08:56:09', -1),
(191, 'LCO', '2010-11-05', '2010-10-15 08:56:39', 1),
(192, 'LCO', '2010-11-05', '2010-10-15 08:56:41', 2),
(193, 'LCO', '2010-11-05', '2010-10-15 08:56:43', -2),
(194, 'LCO', '2010-11-05', '2010-10-15 08:56:46', -1),
(195, 'DDA', '2010-11-05', '2010-10-15 12:00:27', 1),
(196, 'RWR', '2010-11-12', '2010-10-20 08:39:44', 1),
(197, 'MPJ', '2010-11-26', '2010-10-20 13:34:56', 1),
(198, 'LKL', '2010-12-03', '2010-11-01 09:37:04', 1),
(199, 'FDA', '2010-11-19', '2010-11-04 09:23:04', 1),
(200, 'eca', '2010-12-10', '2010-11-05 09:19:07', 1),
(201, 'LCA', '2010-12-17', '2010-11-26 09:41:23', 1),
(202, 'SGB', '2010-12-24', '2010-12-02 17:11:16', 1),
(203, 'SGB', '2011-01-07', '2010-12-02 17:11:53', 1),
(204, 'TFO', '2011-01-28', '2010-12-03 16:29:33', 1),
(205, 'BMM', '2011-01-14', '2010-12-09 17:00:17', 1),
(206, 'GMO', '2011-01-21', '2010-12-10 09:21:35', 1),
(207, 'FDA', '2011-02-04', '2010-12-10 10:11:10', 1),
(208, 'LCO', '2010-12-31', '2010-12-13 14:34:28', 2),
(209, 'LCO', '2010-12-31', '2010-12-13 14:34:30', 1),
(210, 'LCO', '2010-12-31', '2010-12-13 14:34:31', -2),
(211, 'LCO', '2010-12-31', '2010-12-13 14:34:32', -1),
(212, 'DBY', '2011-02-11', '2010-12-13 17:36:56', 1);

-- --------------------------------------------------------

--
-- Structure de la table `LOGIN_IP`
--

CREATE TABLE IF NOT EXISTS `LOGIN_IP` (
  `login_ip_id` int(11) NOT NULL AUTO_INCREMENT,
  `fk_user_id` varchar(3) NOT NULL,
  `ip` varchar(15) NOT NULL,
  `date` datetime NOT NULL,
  PRIMARY KEY (`login_ip_id`)
) ENGINE=MyISAM  DEFAULT CHARSET=latin1 AUTO_INCREMENT=839 ;

--
-- Contenu de la table `LOGIN_IP`
--

INSERT INTO `LOGIN_IP` (`login_ip_id`, `fk_user_id`, `ip`, `date`) VALUES
(1, 'ADM', '193.72.144.227', '2009-02-17 16:39:23'),
(2, 'ADM', '85.218.39.93', '2009-02-17 22:16:08'),
(3, 'CEL', '213.200.225.239', '2009-02-18 08:10:23'),
(4, 'ADM', '193.72.144.227', '2009-02-18 08:40:32'),
(5, 'ADM', '193.72.144.227', '2009-02-18 14:50:12'),
(6, 'ADM', '85.218.39.93', '2009-02-18 17:37:34'),
(7, 'ADM', '193.72.144.227', '2009-02-19 07:48:12'),
(8, 'FBU', '193.72.144.227', '2009-02-19 10:40:15'),
(9, 'FBU', '193.72.144.227', '2009-02-19 10:40:22'),
(10, 'ADM', '193.72.144.227', '2009-02-19 16:07:33'),
(11, 'GMO', '193.72.144.227', '2009-02-19 16:11:31'),
(12, 'MPJ', '213.200.225.239', '2009-02-19 16:14:03'),
(13, 'ADM', '193.72.144.227', '2009-02-19 16:15:35'),
(14, 'ADM', '193.72.144.227', '2009-02-19 16:36:48'),
(15, 'ADM', '85.218.39.93', '2009-02-19 22:43:05'),
(16, 'ADM', '193.72.144.227', '2009-02-20 08:13:13'),
(17, 'ADM', '193.72.144.227', '2009-02-20 09:00:25'),
(18, 'ADM', '193.72.144.227', '2009-02-20 09:03:28'),
(19, 'ADM', '193.72.144.227', '2009-02-20 09:04:54'),
(20, 'ADM', '193.72.144.227', '2009-02-20 09:10:54'),
(21, 'GMO', '193.72.144.227', '2009-02-20 09:50:27'),
(22, 'GMO', '193.72.144.227', '2009-02-20 09:55:20'),
(23, 'ADM', '193.72.144.227', '2009-02-20 15:30:41'),
(24, 'ADM', '193.72.144.227', '2009-02-23 08:36:19'),
(25, 'ADM', '193.72.144.227', '2009-02-24 08:12:41'),
(26, 'ADM', '193.72.144.227', '2009-02-25 16:54:56'),
(27, 'ADM', '88.191.88.6', '2009-02-26 07:29:58'),
(28, 'ADM', '88.191.88.6', '2009-02-26 07:30:05'),
(29, 'FBU', '88.191.88.6', '2009-02-26 16:17:11'),
(30, 'ADM', '193.72.144.227', '2009-02-27 09:28:08'),
(31, 'cag', '193.72.144.227', '2009-02-27 09:32:46'),
(32, 'ADM', '193.72.144.227', '2009-02-27 14:13:13'),
(33, 'ADM', '91.121.100.99', '2009-03-02 07:09:11'),
(34, 'ADM', '91.121.105.143', '2009-03-02 12:42:07'),
(35, 'ADM', '193.72.144.227', '2009-03-03 07:10:08'),
(36, 'ADM', '213.200.225.239', '2009-03-03 12:36:34'),
(37, 'ADM', '193.72.144.227', '2009-03-04 08:40:59'),
(38, 'MCI', '213.200.225.239', '2009-03-04 15:34:34'),
(39, 'MCI', '213.200.225.239', '2009-03-04 15:34:34'),
(40, 'ADM', '193.72.144.227', '2009-03-04 15:35:51'),
(41, 'ADM', '193.72.144.227', '2009-03-05 08:25:48'),
(42, 'ADM', '193.72.144.227', '2009-03-05 15:35:38'),
(43, 'GMO', '193.72.144.227', '2009-03-05 18:20:17'),
(44, 'ADM', '193.72.144.227', '2009-03-06 07:09:14'),
(45, 'GMO', '193.72.144.227', '2009-03-06 09:34:40'),
(46, 'ADM', '193.72.144.227', '2009-03-06 13:04:25'),
(47, 'FBU', '193.72.144.227', '2009-03-06 17:16:57'),
(48, 'ADM', '193.72.144.227', '2009-03-09 07:31:03'),
(49, 'MCI', '213.200.225.239', '2009-03-09 08:23:40'),
(50, 'FBU', '193.72.144.227', '2009-03-09 14:43:39'),
(51, 'ADM', '193.72.144.227', '2009-03-09 16:31:32'),
(52, 'ADM', '193.72.144.227', '2009-03-10 07:38:06'),
(53, 'ADM', '193.72.144.227', '2009-03-10 13:49:44'),
(54, 'CEL', '213.200.225.239', '2009-03-11 08:22:34'),
(55, 'TFO', '193.72.144.227', '2009-03-11 16:57:09'),
(56, 'GMO', '193.72.144.227', '2009-03-11 17:30:48'),
(57, 'ADM', '193.72.144.227', '2009-03-11 17:32:51'),
(58, 'ADM', '193.72.144.227', '2009-03-11 17:35:50'),
(59, 'COE', '213.200.225.239', '2009-03-13 08:01:35'),
(60, 'ADM', '193.72.144.227', '2009-03-13 08:03:40'),
(61, 'TFO', '193.72.144.227', '2009-03-13 09:12:38'),
(62, 'MDO', '193.72.144.227', '2009-03-13 09:51:49'),
(63, 'MDO', '193.72.144.227', '2009-03-13 09:53:54'),
(64, 'MCI', '213.200.225.239', '2009-03-17 08:06:02'),
(65, 'FBU', '193.72.144.227', '2009-03-19 16:20:50'),
(66, 'ADM', '193.72.144.227', '2009-03-19 16:21:26'),
(67, 'CEL', '213.200.225.239', '2009-03-24 09:17:38'),
(68, 'ADM', '193.72.144.227', '2009-03-26 10:38:54'),
(69, 'COE', '213.200.225.239', '2009-03-26 11:31:26'),
(70, 'GMO', '193.72.144.227', '2009-03-26 18:11:33'),
(71, 'ADM', '193.72.144.227', '2009-03-27 09:06:25'),
(72, 'GMO', '193.72.144.227', '2009-03-27 09:07:02'),
(73, 'ADM', '193.72.144.227', '2009-03-30 10:48:43'),
(74, 'ADM', '193.72.144.227', '2009-03-30 15:43:57'),
(75, 'ADM', '193.72.144.227', '2009-04-01 09:27:27'),
(76, 'ADM', '193.72.144.227', '2009-04-02 15:00:54'),
(77, 'COE', '213.200.225.239', '2009-04-03 08:16:16'),
(78, 'GMO', '213.200.225.239', '2009-04-03 09:11:27'),
(79, 'ADM', '193.72.144.227', '2009-04-07 10:18:17'),
(80, 'FBU', '213.200.225.239', '2009-04-14 10:49:16'),
(81, 'SGB', '213.200.225.239', '2009-04-16 13:50:40'),
(82, 'GMO', '213.200.225.239', '2009-04-16 13:51:45'),
(83, 'SGB', '213.200.225.239', '2009-04-16 16:58:15'),
(84, 'SGB', '84.227.128.225', '2009-04-17 06:45:49'),
(85, 'ADM', '213.200.225.239', '2009-04-20 09:44:37'),
(86, 'ADM', '213.200.225.239', '2009-04-21 15:33:38'),
(87, 'ADM', '213.200.225.239', '2009-04-21 16:22:17'),
(88, 'ADM', '213.200.225.239', '2009-04-22 08:07:37'),
(89, 'ADM', '213.200.225.239', '2009-04-23 16:22:39'),
(90, 'ADM', '213.200.225.239', '2009-04-24 08:05:06'),
(91, 'ADM', '213.200.225.239', '2009-04-27 09:36:15'),
(92, 'ADM', '213.200.225.239', '2009-04-27 10:39:15'),
(93, 'ADM', '213.200.225.239', '2009-04-27 12:59:37'),
(94, 'ADM', '213.200.225.239', '2009-04-30 14:07:45'),
(95, 'ADM', '213.200.225.239', '2009-04-30 15:54:53'),
(96, 'ADM', '213.200.225.239', '2009-04-30 15:56:27'),
(97, 'ADM', '213.200.225.239', '2009-04-30 15:56:41'),
(98, 'CEL', '213.200.225.239', '2009-04-30 16:06:14'),
(99, 'TFO', '213.200.225.239', '2009-04-30 16:07:17'),
(100, 'GMO', '213.200.225.239', '2009-04-30 16:08:55'),
(101, 'ADM', '213.200.225.239', '2009-04-30 16:08:56'),
(102, 'CEL', '213.200.225.239', '2009-04-30 16:12:20'),
(103, 'FBU', '213.200.225.239', '2009-04-30 18:24:42'),
(104, 'SGB', '62.167.24.162', '2009-04-30 20:31:31'),
(105, 'ADM', '213.200.225.239', '2009-05-01 07:15:52'),
(106, 'ADM', '213.200.225.239', '2009-05-01 09:11:52'),
(107, 'COE', '213.200.225.239', '2009-05-01 10:04:45'),
(108, 'ADM', '213.200.225.239', '2009-05-01 15:19:00'),
(109, 'ADM', '213.200.225.239', '2009-05-04 09:04:50'),
(110, 'CEL', '213.200.225.239', '2009-05-06 09:30:28'),
(111, 'ADM', '213.200.225.239', '2009-05-07 16:31:12'),
(112, 'ADM', '213.200.225.239', '2009-05-08 09:19:43'),
(113, 'LKL', '213.200.225.239', '2009-05-08 09:27:25'),
(114, 'EJO', '213.200.225.239', '2009-05-08 09:32:16'),
(115, 'EJO', '213.200.225.239', '2009-05-08 09:34:02'),
(116, 'ADM', '213.200.225.239', '2009-05-11 08:54:27'),
(117, 'FBU', '213.200.225.239', '2009-05-11 14:52:06'),
(118, 'SGB', '213.200.225.239', '2009-05-14 08:29:19'),
(119, 'ADM', '85.218.5.36', '2009-05-14 22:21:58'),
(120, 'GWU', '213.200.225.239', '2009-05-15 08:04:43'),
(121, 'ADM', '213.200.225.239', '2009-05-15 09:00:31'),
(122, 'ADM', '213.200.225.239', '2009-05-19 09:40:26'),
(123, 'ADM', '85.218.78.248', '2009-05-21 19:53:57'),
(124, 'ADM', '213.200.225.239', '2009-05-25 10:15:35'),
(125, 'ADM', '213.200.225.239', '2009-05-27 09:43:56'),
(126, 'ADM', '213.200.225.239', '2009-05-27 14:49:50'),
(127, 'ADM', '213.200.225.239', '2009-05-28 16:04:16'),
(128, 'ADM', '213.200.225.239', '2009-05-28 16:17:43'),
(129, 'SGB', '213.200.225.239', '2009-05-29 07:58:05'),
(130, 'ADM', '213.200.225.239', '2009-05-29 08:20:51'),
(131, 'ADM', '213.200.225.239', '2009-05-29 13:24:22'),
(132, 'CEL', '213.200.225.239', '2009-06-04 08:36:38'),
(133, 'ADM', '213.200.225.239', '2009-06-04 16:19:18'),
(134, 'ADM', '213.200.225.239', '2009-06-05 07:18:59'),
(135, 'CEL', '213.200.225.239', '2009-06-05 08:37:33'),
(136, 'ADM', '213.200.225.239', '2009-06-08 15:35:19'),
(137, 'ADM', '213.200.225.239', '2009-06-12 10:22:12'),
(138, 'ADM', '213.200.225.239', '2009-06-12 15:40:05'),
(139, 'ADM', '213.200.225.239', '2009-06-17 14:17:34'),
(140, 'CEL', '213.200.225.239', '2009-06-19 07:54:59'),
(141, 'SGB', '213.200.225.239', '2009-06-19 08:37:04'),
(142, 'GWU', '213.200.225.239', '2009-06-19 10:28:25'),
(143, 'GWU', '213.200.225.239', '2009-06-19 10:30:21'),
(144, 'GWU', '213.200.225.239', '2009-06-19 10:30:52'),
(145, 'GWU', '213.200.225.239', '2009-06-22 07:56:18'),
(146, 'ADM', '213.200.225.239', '2009-06-23 14:30:56'),
(147, 'ADM', '213.200.225.239', '2009-06-23 15:43:59'),
(148, 'JPD', '213.200.225.239', '2009-06-23 15:44:31'),
(149, 'ADM', '213.200.225.239', '2009-06-23 15:46:27'),
(150, 'ADM', '213.200.225.239', '2009-06-23 15:46:33'),
(151, 'JPD', '213.200.225.239', '2009-06-23 15:46:52'),
(152, 'SGB', '84.226.47.3', '2009-06-26 00:12:51'),
(153, 'ADM', '213.200.225.239', '2009-06-26 07:57:59'),
(154, 'JPD', '213.200.225.239', '2009-06-26 09:49:58'),
(155, 'LKL', '213.200.225.239', '2009-06-26 09:55:42'),
(156, 'JPD', '213.200.225.239', '2009-06-26 09:56:51'),
(157, 'JPD', '213.200.225.239', '2009-06-26 10:00:13'),
(158, 'LCO', '213.200.225.239', '2009-06-29 09:52:40'),
(159, 'LCO', '213.200.225.239', '2009-06-29 09:53:23'),
(160, 'ADM', '213.200.225.239', '2009-06-29 11:15:57'),
(161, 'ADM', '213.200.225.239', '2009-06-29 16:42:23'),
(162, 'ADM', '213.200.225.239', '2009-06-29 16:44:28'),
(163, 'PSW', '213.200.225.239', '2009-06-29 16:44:36'),
(164, 'PSW', '213.200.225.239', '2009-06-29 16:46:31'),
(165, 'VHE', '213.200.225.239', '2009-06-29 16:47:44'),
(166, 'ADM', '213.200.225.239', '2009-06-29 16:48:09'),
(167, 'VHE', '213.200.225.239', '2009-06-29 16:48:52'),
(168, 'ADM', '213.200.225.239', '2009-06-29 16:52:02'),
(169, 'LCO', '213.200.225.239', '2009-06-29 16:52:40'),
(170, 'ADM', '213.200.225.239', '2009-06-30 09:31:23'),
(171, 'ADM', '213.200.225.239', '2009-06-30 16:16:39'),
(172, 'ADM', '213.200.225.239', '2009-07-01 08:37:43'),
(173, 'FBU', '213.200.225.239', '2009-07-01 09:40:00'),
(174, 'ADM', '213.200.225.239', '2009-07-01 12:59:02'),
(175, 'JPD', '213.200.225.239', '2009-07-02 08:43:38'),
(176, 'ADM', '213.200.225.239', '2009-07-03 08:09:56'),
(177, 'ADM', '213.200.225.239', '2009-07-06 12:45:21'),
(178, 'ADM', '213.200.225.239', '2009-07-06 12:48:35'),
(179, 'ADM', '213.200.225.239', '2009-07-06 13:26:46'),
(180, 'CEL', '213.200.225.239', '2009-07-07 09:58:30'),
(181, 'ADM', '85.218.39.37', '2009-07-07 18:15:54'),
(182, 'CEL', '213.200.225.239', '2009-07-09 09:58:01'),
(183, 'FBU', '213.200.225.239', '2009-07-10 09:28:18'),
(184, 'ADM', '213.200.225.239', '2009-07-10 09:55:30'),
(185, 'FBU', '213.200.225.239', '2009-07-15 09:13:10'),
(186, 'ADM', '213.200.225.239', '2009-07-16 15:34:46'),
(187, 'CEL', '213.200.225.239', '2009-07-17 08:39:31'),
(188, 'GMO', '213.200.225.239', '2009-07-17 08:50:45'),
(189, 'ADM', '213.200.225.239', '2009-07-17 09:28:45'),
(190, 'MHE', '213.200.225.239', '2009-07-17 09:32:09'),
(191, 'ADM', '213.200.225.239', '2009-07-21 07:51:14'),
(192, 'ADM', '213.200.225.239', '2009-07-21 07:53:31'),
(193, 'ADM', '213.200.225.239', '2009-07-21 07:54:28'),
(194, 'ADM', '213.200.225.239', '2009-07-21 07:55:24'),
(195, 'ADM', '193.72.144.227', '2009-07-21 07:55:45'),
(196, 'ADM', '193.72.144.227', '2009-07-22 13:38:05'),
(197, 'ADM', '193.72.144.227', '2009-07-23 07:50:21'),
(198, 'ADM', '193.72.144.227', '2009-07-23 14:55:27'),
(199, 'MHE', '213.200.225.239', '2009-07-23 14:56:29'),
(200, 'SGB', '213.200.225.239', '2009-07-23 15:19:48'),
(201, 'CEL', '213.200.225.239', '2009-07-23 15:36:03'),
(202, 'GWU', '213.200.225.239', '2009-07-23 16:18:44'),
(203, 'MHE', '213.200.225.239', '2009-07-23 17:19:48'),
(204, 'ADM', '193.72.144.227', '2009-07-24 08:08:13'),
(205, 'MHE', '213.200.225.239', '2009-07-24 09:21:38'),
(206, 'MCI', '193.222.161.19', '2009-07-24 10:55:52'),
(207, 'ADM', '193.72.144.227', '2009-07-24 14:24:24'),
(208, 'ADM', '193.72.144.227', '2009-07-27 08:09:38'),
(209, 'ADM', '193.72.144.227', '2009-07-30 09:37:53'),
(210, 'FBU', '213.200.225.239', '2009-07-30 09:38:24'),
(211, 'MHE', '213.200.225.239', '2009-07-30 16:21:16'),
(212, 'ADM', '193.72.144.227', '2009-08-06 08:38:23'),
(213, 'GWU', '213.200.225.239', '2009-08-06 08:40:58'),
(214, 'CEL', '213.200.225.239', '2009-08-06 08:42:34'),
(215, 'JPD', '213.200.225.239', '2009-08-06 08:49:26'),
(216, 'MHE', '213.200.225.239', '2009-08-06 09:16:29'),
(217, 'FBU', '213.200.225.239', '2009-08-06 18:17:34'),
(218, 'ADM', '193.72.144.227', '2009-08-07 07:27:06'),
(219, 'ADM', '193.72.144.227', '2009-08-07 13:28:41'),
(220, 'ADM', '193.72.144.227', '2009-08-07 13:28:47'),
(221, 'ADM', '193.72.144.227', '2009-08-11 14:21:09'),
(222, 'ADM', '193.72.144.227', '2009-08-13 08:51:00'),
(223, 'ADM', '193.72.144.227', '2009-08-14 07:49:20'),
(224, 'ADM', '193.72.144.227', '2009-08-14 08:34:25'),
(225, 'ADU', '213.200.225.239', '2009-08-14 09:18:42'),
(226, 'CEL', '193.72.144.227', '2009-08-14 09:21:41'),
(227, 'CEL', '213.200.225.239', '2009-08-14 09:21:46'),
(228, 'ADU', '193.72.144.227', '2009-08-14 09:22:28'),
(229, 'MHE', '213.200.225.239', '2009-08-14 09:47:07'),
(230, 'ADU', '213.200.225.239', '2009-08-14 11:25:40'),
(231, 'ADU', '213.200.225.239', '2009-08-14 11:25:45'),
(232, 'ADM', '193.72.144.227', '2009-08-17 08:11:06'),
(233, 'ADM', '193.72.144.227', '2009-08-18 08:33:32'),
(234, 'ADM', '193.72.144.227', '2009-08-19 08:47:06'),
(235, 'OLD', '213.200.225.239', '2009-08-20 07:59:08'),
(236, 'ADM', '193.72.144.227', '2009-08-20 08:04:25'),
(237, 'ADU', '213.200.225.239', '2009-08-20 13:33:39'),
(238, 'ADM', '193.72.144.227', '2009-08-21 07:56:39'),
(239, 'ADM', '193.72.144.227', '2009-08-21 08:30:22'),
(240, 'ADM', '193.72.144.227', '2009-08-21 08:33:59'),
(241, 'MHE', '213.200.225.239', '2009-08-21 09:39:37'),
(242, 'ADM', '85.218.39.37', '2009-08-23 22:53:10'),
(243, 'ADM', '193.72.144.227', '2009-08-24 08:37:11'),
(244, 'ADM', '193.72.144.227', '2009-08-24 11:32:28'),
(245, 'ADM', '193.72.144.227', '2009-08-24 12:50:22'),
(246, 'ADM', '85.218.39.37', '2009-08-24 17:32:37'),
(247, 'ADM', '193.72.144.227', '2009-08-25 08:15:11'),
(248, 'ADM', '193.72.144.227', '2009-08-25 08:22:29'),
(249, 'ADM', '193.72.144.227', '2009-08-25 13:35:49'),
(250, 'ADM', '193.72.144.227', '2009-08-25 14:08:44'),
(251, 'ADU', '213.200.225.239', '2009-08-25 14:23:00'),
(252, 'ADM', '193.72.144.227', '2009-08-26 08:19:52'),
(253, 'ADM', '193.72.144.227', '2009-08-27 07:42:27'),
(254, 'ADM', '193.72.144.227', '2009-08-27 16:32:57'),
(255, 'GWU', '213.200.225.239', '2009-08-28 07:43:37'),
(256, 'ADM', '193.72.144.227', '2009-08-28 08:03:22'),
(257, 'ADU', '213.200.225.239', '2009-08-28 08:33:56'),
(258, 'GMO', '213.200.225.239', '2009-08-28 08:50:54'),
(259, 'JPD', '213.200.225.239', '2009-08-31 15:24:42'),
(260, 'ADM', '85.218.39.37', '2009-09-01 22:40:40'),
(261, 'ADU', '213.200.225.239', '2009-09-02 07:40:52'),
(262, 'MPJ', '213.200.225.239', '2009-09-03 09:51:44'),
(263, 'SGB', '213.200.225.239', '2009-09-04 08:14:01'),
(264, 'SGB', '213.200.225.239', '2009-09-04 08:15:16'),
(265, 'VHE', '213.200.225.239', '2009-09-07 11:55:56'),
(266, 'GWU', '213.200.225.239', '2009-09-08 13:45:08'),
(267, 'GWU', '213.200.225.239', '2009-09-10 08:57:29'),
(268, 'ADM', '193.72.144.227', '2009-09-14 08:08:42'),
(269, 'ADM', '193.72.144.227', '2009-09-14 08:11:08'),
(270, 'ADM', '193.72.144.227', '2009-09-15 07:58:50'),
(271, 'GWU', '213.200.225.239', '2009-09-15 16:37:59'),
(272, 'ADM', '193.72.144.227', '2009-09-16 08:14:43'),
(273, 'ADM', '193.72.144.227', '2009-09-17 07:56:01'),
(274, 'JPD', '213.200.225.239', '2009-09-17 17:27:54'),
(275, 'JPD', '213.200.225.239', '2009-09-17 17:29:13'),
(276, 'ADM', '193.72.144.227', '2009-09-18 07:51:35'),
(277, 'ADM', '193.72.144.227', '2009-09-22 08:09:24'),
(278, 'GWU', '213.200.225.239', '2009-09-22 09:28:36'),
(279, 'ADM', '193.72.144.227', '2009-09-23 08:01:54'),
(280, 'ADM', '193.72.144.227', '2009-09-24 07:54:37'),
(281, 'MPJ', '213.200.225.239', '2009-09-24 16:49:43'),
(282, 'ADM', '193.72.144.227', '2009-09-25 08:10:54'),
(283, 'ADM', '193.72.144.227', '2009-09-25 08:20:56'),
(284, 'TFO', '193.72.144.227', '2009-09-25 08:22:44'),
(285, 'ADM', '193.72.144.227', '2009-09-25 08:23:19'),
(286, 'TFO', '213.200.225.239', '2009-09-25 08:24:02'),
(287, 'LCO', '193.72.144.227', '2009-09-25 08:40:03'),
(288, 'LCO', '193.72.144.227', '2009-09-25 08:40:23'),
(289, 'ADM', '193.72.144.227', '2009-09-25 08:40:31'),
(290, 'JPD', '213.200.225.239', '2009-09-25 08:48:26'),
(291, 'GMO', '213.200.225.239', '2009-09-25 09:58:49'),
(292, 'ADM', '193.72.144.227', '2009-09-28 08:55:01'),
(293, 'ADM', '193.72.144.227', '2009-09-29 08:13:43'),
(294, 'ADU', '213.200.225.239', '2009-09-29 17:19:02'),
(295, 'ADM', '193.72.144.227', '2009-09-30 08:17:48'),
(296, 'ADM', '193.72.144.227', '2009-10-01 08:46:08'),
(297, 'JPD', '213.200.225.239', '2009-10-01 15:18:34'),
(298, 'ADM', '213.200.225.239', '2009-10-06 10:37:13'),
(299, 'ADM', '213.200.225.239', '2009-10-07 08:20:23'),
(300, 'OLD', '213.200.225.239', '2009-10-07 17:53:41'),
(301, 'ADM', '213.200.225.239', '2009-10-08 08:25:14'),
(302, 'OLD', '213.200.225.239', '2009-10-08 17:13:10'),
(303, 'GWU', '213.200.225.239', '2009-10-09 07:59:21'),
(304, 'OLD', '213.200.225.239', '2009-10-09 08:12:06'),
(305, 'ADM', '213.200.225.239', '2009-10-09 08:20:27'),
(306, 'ADM', '213.200.225.239', '2009-10-12 08:19:10'),
(307, 'ADM', '213.200.225.239', '2009-10-13 08:23:49'),
(308, 'ADM', '213.200.225.239', '2009-10-14 07:54:53'),
(309, 'GWU', '213.200.225.239', '2009-10-14 14:54:48'),
(310, 'ADM', '213.200.225.239', '2009-10-15 08:13:48'),
(311, 'GWU', '213.200.225.239', '2009-10-15 09:39:12'),
(312, 'ADU', '213.200.225.239', '2009-10-15 10:09:35'),
(313, 'CEL', '213.200.225.239', '2009-10-15 11:37:44'),
(314, 'GWU', '213.200.225.239', '2009-10-15 15:29:50'),
(315, 'OLD', '213.200.225.239', '2009-10-15 15:44:44'),
(316, 'GWU', '213.200.225.239', '2009-10-15 16:26:13'),
(317, 'GWU', '213.200.225.239', '2009-10-16 08:15:06'),
(318, 'ADM', '213.200.225.239', '2009-10-16 08:20:49'),
(319, 'ADM', '213.200.225.239', '2009-10-19 08:19:23'),
(320, 'COE', '193.72.144.227', '2009-10-19 09:23:08'),
(321, 'ADM', '213.200.225.239', '2009-10-20 08:13:57'),
(322, 'ADM', '213.200.225.239', '2009-10-21 08:25:22'),
(323, 'VHE', '213.200.225.239', '2009-10-21 10:25:35'),
(324, 'VHE', '213.200.225.239', '2009-10-21 11:49:00'),
(325, 'ADM', '213.200.225.239', '2009-10-22 08:13:14'),
(326, 'OLD', '213.200.225.239', '2009-10-22 08:17:48'),
(327, 'FBU', '213.200.225.239', '2009-10-22 09:13:22'),
(328, 'GWU', '213.200.225.239', '2009-10-22 16:49:50'),
(329, 'ADM', '213.200.225.239', '2009-10-23 07:14:27'),
(330, 'ADM', '213.200.225.239', '2009-10-23 08:04:34'),
(331, 'OLD', '213.200.225.239', '2009-10-23 09:05:46'),
(332, 'IGH', '213.200.225.239', '2009-10-23 09:51:23'),
(333, 'ADM', '213.200.225.239', '2009-10-26 08:27:36'),
(334, 'OLD', '213.200.225.239', '2009-10-26 16:33:46'),
(335, 'ADM', '213.200.225.239', '2009-10-27 08:39:01'),
(336, 'GWU', '213.200.225.239', '2009-10-27 11:39:51'),
(337, 'ADM', '213.200.225.239', '2009-10-28 08:12:03'),
(338, 'GWU', '213.200.225.239', '2009-10-28 14:12:53'),
(339, 'ADM', '213.200.225.239', '2009-10-29 08:25:39'),
(340, 'OLD', '213.200.225.239', '2009-10-29 15:39:49'),
(341, 'ADM', '213.200.225.239', '2009-10-30 08:34:19'),
(342, 'GWU', '213.200.225.239', '2009-10-30 08:50:13'),
(343, 'OLD', '213.200.225.239', '2009-10-30 08:50:24'),
(344, 'MHE', '213.200.225.239', '2009-10-30 08:50:38'),
(345, 'EJO', '213.200.225.239', '2009-10-30 08:52:10'),
(346, 'ADM', '213.200.225.239', '2009-10-30 15:44:53'),
(347, 'ADU', '193.72.144.227', '2009-11-02 09:24:24'),
(348, 'ADU', '193.72.144.227', '2009-11-02 14:56:00'),
(349, 'GWU', '213.200.225.239', '2009-11-02 15:40:37'),
(350, 'ADM', '213.200.225.239', '2009-11-04 08:23:02'),
(351, 'ADM', '213.200.225.239', '2009-11-05 08:19:03'),
(352, 'MPJ', '213.200.225.239', '2009-11-05 18:18:57'),
(353, 'ADM', '213.200.225.239', '2009-11-06 08:22:28'),
(354, 'GWU', '213.200.225.239', '2009-11-06 12:53:23'),
(355, 'ADM', '213.200.225.239', '2009-11-09 08:23:12'),
(356, 'ADM', '213.200.225.239', '2009-11-10 08:23:27'),
(357, 'OLD', '213.200.225.239', '2009-11-10 10:26:34'),
(358, 'ADM', '213.200.225.239', '2009-11-10 12:42:57'),
(359, 'ADM', '213.200.225.239', '2009-11-11 07:57:46'),
(360, 'ADM', '213.200.225.239', '2009-11-12 08:18:05'),
(361, 'GMO', '213.200.225.239', '2009-11-12 16:33:12'),
(362, 'ADM', '213.200.225.239', '2009-11-13 08:27:41'),
(363, 'JPD', '213.200.225.239', '2009-11-13 08:43:58'),
(364, 'OLD', '213.200.225.239', '2009-11-13 08:59:51'),
(365, 'FDA', '193.72.144.227', '2009-11-13 09:41:59'),
(366, 'ADM', '213.200.225.239', '2009-11-16 08:24:55'),
(367, 'ADM', '213.200.225.239', '2009-11-17 08:17:25'),
(368, 'FBU', '193.72.144.227', '2009-11-17 09:55:09'),
(369, 'GWU', '213.200.225.239', '2009-11-17 11:56:40'),
(370, 'OLD', '213.200.225.239', '2009-11-17 14:25:38'),
(371, 'ADM', '213.200.225.239', '2009-11-17 17:12:12'),
(372, 'ADM', '213.200.225.239', '2009-11-18 09:15:34'),
(373, 'ADM', '213.200.225.239', '2009-11-19 08:19:24'),
(374, 'MHE', '213.200.225.239', '2009-11-19 08:38:02'),
(375, 'ADM', '213.200.225.239', '2009-11-20 08:13:12'),
(376, 'JPD', '213.200.225.239', '2009-11-20 09:34:27'),
(377, 'OLD', '213.200.225.239', '2009-11-20 10:52:58'),
(378, 'MHE', '213.200.225.239', '2009-11-20 10:53:20'),
(379, 'GWU', '213.200.225.239', '2009-11-23 10:40:45'),
(380, 'OLD', '213.200.225.239', '2009-11-23 14:50:35'),
(381, 'ADM', '213.200.225.239', '2009-11-24 08:25:20'),
(382, 'ADM', '213.200.225.239', '2009-11-25 08:16:49'),
(383, 'OLD', '213.200.225.239', '2009-11-25 11:09:14'),
(384, 'OLD', '213.200.225.239', '2009-11-25 11:09:27'),
(385, 'ADM', '213.200.225.239', '2009-11-26 08:16:44'),
(386, 'FBU', '213.200.225.239', '2009-11-26 10:24:43'),
(387, 'ADM', '213.200.225.239', '2009-11-26 10:26:31'),
(388, 'LCO', '213.200.225.239', '2009-11-26 10:26:52'),
(389, 'FBU', '213.200.225.239', '2009-11-26 11:09:13'),
(390, 'ADM', '213.200.225.239', '2009-11-26 11:15:52'),
(391, 'OLD', '213.200.225.239', '2009-11-26 11:16:18'),
(392, 'GWU', '213.200.225.239', '2009-11-26 12:15:48'),
(393, 'ADM', '85.218.19.26', '2009-11-26 21:49:59'),
(394, 'ADM', '213.200.225.239', '2009-11-27 08:19:36'),
(395, 'OLD', '213.200.225.239', '2009-11-27 08:42:34'),
(396, 'GWU', '213.200.225.239', '2009-11-27 08:44:01'),
(397, 'OLD', '213.200.225.239', '2009-11-27 08:49:09'),
(398, 'VHE', '213.200.225.239', '2009-11-27 09:43:25'),
(399, 'ADM', '213.200.225.239', '2009-11-30 07:50:33'),
(400, 'OLD', '213.200.225.239', '2009-11-30 09:07:23'),
(401, 'ADM', '213.200.225.239', '2009-12-01 07:52:01'),
(402, 'ADM', '213.200.225.239', '2009-12-01 14:02:16'),
(403, 'ADM', '213.200.225.239', '2009-12-02 07:41:23'),
(404, 'GWU', '213.200.225.239', '2009-12-02 13:45:01'),
(405, 'ADM', '213.200.225.239', '2009-12-02 14:22:31'),
(406, 'ADM', '213.200.225.239', '2009-12-03 07:53:44'),
(407, 'FBU', '213.200.225.239', '2009-12-03 09:38:17'),
(408, 'ADM', '213.200.225.239', '2009-12-04 08:19:32'),
(409, 'GWU', '213.200.225.239', '2009-12-04 08:41:57'),
(410, 'OLD', '213.200.225.239', '2009-12-04 09:00:34'),
(411, 'JPD', '213.200.225.239', '2009-12-04 09:29:11'),
(412, 'GWU', '213.200.225.239', '2009-12-07 08:29:06'),
(413, 'ADM', '213.200.225.239', '2009-12-07 08:48:45'),
(414, 'MHE', '213.200.225.239', '2009-12-07 10:52:37'),
(415, 'PMD', '193.72.144.227', '2009-12-07 10:54:17'),
(416, 'ADM', '213.200.225.239', '2009-12-08 08:21:53'),
(417, 'ADM', '213.200.225.239', '2009-12-09 08:23:47'),
(418, 'GWU', '213.200.225.239', '2009-12-09 13:39:41'),
(419, 'ADM', '213.200.225.239', '2009-12-10 08:29:31'),
(420, 'OLD', '213.200.225.239', '2009-12-10 12:00:16'),
(421, 'GWU', '213.200.225.239', '2009-12-10 16:52:51'),
(422, 'GWU', '213.200.225.239', '2009-12-11 08:17:20'),
(423, 'OLD', '213.200.225.239', '2009-12-11 08:17:22'),
(424, 'MHE', '213.200.225.239', '2009-12-11 08:17:26'),
(425, 'ADM', '213.200.225.239', '2009-12-11 08:17:45'),
(426, 'OLD', '213.200.225.239', '2009-12-11 08:21:15'),
(427, 'ADU', '213.200.225.239', '2009-12-11 08:25:30'),
(428, 'FBU', '193.72.144.227', '2009-12-11 08:58:49'),
(429, 'EJO', '213.200.225.239', '2009-12-11 09:08:24'),
(430, 'OLD', '213.200.225.239', '2009-12-11 09:08:50'),
(431, 'OLD', '213.200.225.239', '2009-12-11 09:57:00'),
(432, 'ADM', '213.200.225.239', '2009-12-11 15:30:27'),
(433, 'ADM', '213.200.225.239', '2009-12-14 08:32:19'),
(434, 'GWU', '213.200.225.239', '2009-12-15 08:10:50'),
(435, 'ADM', '213.200.225.239', '2009-12-15 09:44:03'),
(436, 'ADM', '213.200.225.239', '2009-12-16 08:25:42'),
(437, 'ADM', '213.200.225.239', '2009-12-17 08:10:33'),
(438, 'VHE', '213.200.225.239', '2009-12-17 10:35:14'),
(439, 'VHE', '213.200.225.239', '2009-12-17 13:54:02'),
(440, 'FBU', '213.200.225.239', '2009-12-17 16:39:03'),
(441, 'ADM', '213.200.225.239', '2009-12-18 08:30:50'),
(442, 'ADM', '213.200.225.239', '2009-12-21 09:07:02'),
(443, 'ADM', '213.200.225.239', '2009-12-22 08:26:31'),
(444, 'ADM', '213.200.225.239', '2009-12-23 08:37:07'),
(445, 'ADM', '213.200.225.239', '2009-12-24 08:17:36'),
(446, 'ADM', '213.200.225.239', '2009-12-24 13:13:52'),
(447, 'ADM', '213.200.225.239', '2010-01-04 08:30:16'),
(448, 'GWU', '213.200.225.239', '2010-01-04 09:29:19'),
(449, 'VHE', '213.200.225.239', '2010-01-04 10:50:12'),
(450, 'MHE', '193.72.144.227', '2010-01-04 14:56:54'),
(451, 'ADM', '213.200.225.239', '2010-01-05 08:11:05'),
(452, 'ADM', '213.200.225.239', '2010-01-06 08:15:22'),
(453, 'GWU', '213.200.225.239', '2010-01-06 08:27:09'),
(454, 'GWU', '213.200.225.239', '2010-01-06 09:21:13'),
(455, 'ADM', '213.200.225.239', '2010-01-07 08:39:30'),
(456, 'OLD', '213.200.225.239', '2010-01-07 09:11:29'),
(457, 'ADM', '213.200.225.239', '2010-01-07 13:25:44'),
(458, 'ADU', '213.200.225.239', '2010-01-07 16:06:59'),
(459, 'ADM', '213.200.225.239', '2010-01-08 08:21:37'),
(460, 'MHE', '213.200.225.239', '2010-01-08 08:29:02'),
(461, 'MHE', '213.200.225.239', '2010-01-08 08:30:13'),
(462, 'ADU', '213.200.225.239', '2010-01-08 11:43:26'),
(463, 'OLD', '213.200.225.239', '2010-01-08 13:42:37'),
(464, 'ADM', '213.200.225.239', '2010-01-08 14:12:36'),
(465, 'GWU', '213.200.225.239', '2010-01-08 14:51:42'),
(466, 'ADM', '213.200.225.239', '2010-01-08 17:37:10'),
(467, 'ADM', '193.72.144.10', '2010-01-11 08:24:25'),
(468, 'FDA', '193.72.144.227', '2010-01-11 09:11:41'),
(469, 'GWU', '193.72.144.10', '2010-01-11 11:51:55'),
(470, 'ADM', '193.72.144.10', '2010-01-13 08:22:08'),
(471, 'ADM', '193.72.144.10', '2010-01-14 09:07:10'),
(472, 'OLD', '193.72.144.10', '2010-01-15 08:31:45'),
(473, 'ADM', '193.72.144.10', '2010-01-15 08:32:41'),
(474, 'MPJ', '193.72.144.10', '2010-01-15 08:58:11'),
(475, 'GWU', '193.72.144.10', '2010-01-15 10:52:31'),
(476, 'ADM', '193.72.144.10', '2010-01-18 08:09:01'),
(477, 'OLD', '193.72.144.10', '2010-01-18 18:04:14'),
(478, 'ADM', '193.72.144.10', '2010-01-19 08:37:44'),
(479, 'ADM', '193.72.144.10', '2010-01-19 11:24:04'),
(480, 'ADM', '193.72.144.10', '2010-01-20 08:02:51'),
(481, 'GWU', '193.72.144.10', '2010-01-20 15:41:13'),
(482, 'ADM', '193.72.144.10', '2010-01-21 08:50:04'),
(483, 'ADU', '193.72.144.10', '2010-01-21 09:10:46'),
(484, 'GWU', '193.72.144.10', '2010-01-21 09:29:07'),
(485, 'OLD', '193.72.144.10', '2010-01-22 08:17:21'),
(486, 'ADM', '193.72.144.10', '2010-01-22 08:25:18'),
(487, 'GWU', '193.72.144.10', '2010-01-22 15:41:40'),
(488, 'ADM', '91.121.132.122', '2010-01-25 08:07:04'),
(489, 'ADM', '91.121.132.122', '2010-01-25 13:43:26'),
(490, 'ADM', '193.72.144.10', '2010-01-26 08:02:13'),
(491, 'GWU', '193.72.144.10', '2010-01-26 11:53:37'),
(492, 'OLD', '193.72.144.10', '2010-01-26 16:40:14'),
(493, 'ADM', '193.72.144.10', '2010-01-27 08:15:03'),
(494, 'ADM', '193.72.144.10', '2010-01-28 08:14:21'),
(495, 'ADU', '193.72.144.10', '2010-01-28 09:03:08'),
(496, 'ADM', '193.72.144.10', '2010-01-29 08:47:27'),
(497, 'ADU', '193.72.144.10', '2010-01-29 08:50:57'),
(498, 'ADM', '193.72.144.10', '2010-02-01 08:16:18'),
(499, 'GWU', '193.72.144.10', '2010-02-01 16:35:50'),
(500, 'ADM', '193.72.144.10', '2010-02-02 08:00:27'),
(501, 'ADM', '193.72.144.10', '2010-02-03 08:12:50'),
(502, 'GWU', '193.72.144.227', '2010-02-03 12:39:24'),
(503, 'ADM', '193.72.144.10', '2010-02-03 13:00:40'),
(504, 'ADM', '193.72.144.10', '2010-02-04 08:12:40'),
(505, 'ADM', '193.72.144.10', '2010-02-05 08:02:50'),
(506, 'GWU', '193.72.144.227', '2010-02-05 09:01:46'),
(507, 'ADM', '193.72.144.10', '2010-02-08 08:36:43'),
(508, 'ADM', '193.72.144.10', '2010-02-09 08:18:05'),
(509, 'JCB', '193.72.144.227', '2010-02-09 13:35:57'),
(510, 'OLD', '193.72.144.10', '2010-02-09 13:58:56'),
(511, 'ADM', '193.72.144.10', '2010-02-09 14:14:44'),
(512, 'GWU', '193.72.144.227', '2010-02-09 16:32:12'),
(513, 'ADM', '193.72.144.10', '2010-02-10 08:28:49'),
(514, 'ADM', '193.72.144.10', '2010-02-11 08:16:18'),
(515, 'ADU', '193.72.144.10', '2010-02-11 16:26:17'),
(516, 'ADM', '193.72.144.10', '2010-02-12 08:06:53'),
(517, 'OLD', '193.72.144.10', '2010-02-12 08:15:41'),
(518, 'GWU', '193.72.144.227', '2010-02-12 08:37:43'),
(519, 'JPD', '193.72.144.10', '2010-02-12 08:39:40'),
(520, 'JPD', '193.72.144.10', '2010-02-12 08:50:59'),
(521, 'JPD', '193.72.144.10', '2010-02-12 09:19:25'),
(522, 'JPD', '193.72.144.10', '2010-02-12 09:22:11'),
(523, 'ADM', '193.72.144.10', '2010-02-15 08:28:52'),
(524, 'DBY', '193.72.144.227', '2010-02-15 13:04:10'),
(525, 'ADM', '193.72.144.10', '2010-02-16 08:11:24'),
(526, 'GWU', '193.72.144.227', '2010-02-16 09:55:08'),
(527, 'JCB', '193.72.144.227', '2010-02-16 11:51:30'),
(528, 'ADM', '193.72.144.10', '2010-02-16 15:30:35'),
(529, 'ADM', '193.72.144.10', '2010-02-17 07:49:24'),
(530, 'ADM', '193.72.144.10', '2010-02-18 09:11:34'),
(531, 'JPD', '193.72.144.10', '2010-02-18 16:02:45'),
(532, 'FBU', '193.72.144.10', '2010-02-18 18:27:19'),
(533, 'ADM', '193.72.144.10', '2010-02-19 08:00:24'),
(534, 'GMO', '193.72.144.10', '2010-02-19 08:29:32'),
(535, 'OLD', '193.72.144.10', '2010-02-19 09:01:04'),
(536, 'GWU', '193.72.144.227', '2010-02-19 09:06:13'),
(537, 'GWU', '193.72.144.227', '2010-02-22 09:37:45'),
(538, 'ADM', '193.72.144.10', '2010-02-22 13:34:45'),
(539, 'ADM', '193.72.144.10', '2010-02-23 08:20:48'),
(540, 'GWU', '193.72.144.227', '2010-02-23 10:38:12'),
(541, 'ADM', '193.72.144.10', '2010-02-24 08:21:39'),
(542, 'GWU', '193.72.144.227', '2010-02-24 11:00:31'),
(543, 'ADM', '193.72.144.10', '2010-02-24 14:27:49'),
(544, 'ADM', '193.72.144.10', '2010-02-25 08:22:39'),
(545, 'ADM', '193.72.144.10', '2010-02-25 15:29:37'),
(546, 'ADM', '193.72.144.10', '2010-02-26 08:22:02'),
(547, 'OLD', '193.72.144.10', '2010-03-01 12:05:48'),
(548, 'GMO', '193.72.144.10', '2010-03-02 09:26:04'),
(549, 'GWU', '193.72.144.227', '2010-03-02 11:48:19'),
(550, 'ADM', '85.218.19.186', '2010-03-03 08:54:13'),
(551, 'OLD', '193.72.144.10', '2010-03-03 09:14:41'),
(552, 'GWU', '193.72.144.227', '2010-03-04 08:29:44'),
(553, 'DBY', '193.72.144.227', '2010-03-05 08:57:19'),
(554, 'OLD', '193.72.144.10', '2010-03-05 11:38:44'),
(555, 'ADU', '193.72.144.10', '2010-03-09 13:33:36'),
(556, 'FBU', '193.72.144.10', '2010-03-10 12:03:15'),
(557, 'ADM', '85.218.19.186', '2010-03-10 14:17:43'),
(558, 'GWU', '193.72.144.227', '2010-03-11 14:16:55'),
(559, 'GMO', '193.72.144.10', '2010-03-12 08:37:38'),
(560, 'GWU', '193.72.144.227', '2010-03-12 09:17:33'),
(561, 'GWU', '193.72.144.227', '2010-03-15 16:11:20'),
(562, 'MHE', '82.254.57.21', '2010-03-18 21:38:04'),
(563, 'ADU', '193.72.144.10', '2010-03-19 07:36:43'),
(564, 'ADU', '193.72.144.10', '2010-03-19 08:46:32'),
(565, 'GWU', '193.72.144.227', '2010-03-23 08:56:37'),
(566, 'GWU', '193.72.144.227', '2010-03-25 14:17:23'),
(567, 'JPD', '193.72.144.227', '2010-03-26 12:16:25'),
(568, 'GWU', '193.72.144.227', '2010-03-31 08:59:03'),
(569, 'ADM', '193.72.144.10', '2010-03-31 09:07:06'),
(570, 'ADM', '193.72.144.10', '2010-03-31 15:55:27'),
(571, 'ADM', '193.72.144.10', '2010-04-01 08:24:16'),
(572, 'JPD', '193.72.144.10', '2010-04-01 09:25:38'),
(573, 'ADM', '91.121.132.122', '2010-04-06 15:23:41'),
(574, 'ADM', '91.121.132.122', '2010-04-07 07:25:29'),
(575, 'ADM', '91.121.132.122', '2010-04-08 07:39:09'),
(576, 'GWU', '91.121.132.122', '2010-04-08 08:03:34'),
(577, 'FBU', '91.121.132.122', '2010-04-08 13:43:15'),
(578, 'OLD', '91.121.132.122', '2010-04-08 13:44:44'),
(579, 'ADM', '91.121.132.122', '2010-04-08 13:48:00'),
(580, 'ADM', '193.72.144.10', '2010-04-09 07:38:58'),
(581, 'JPD', '193.72.144.227', '2010-04-09 09:06:00'),
(582, 'ADM', '193.72.144.10', '2010-04-12 07:53:30'),
(583, 'ADM', '193.72.144.10', '2010-04-13 07:59:30'),
(584, 'VHE', '193.72.144.10', '2010-04-13 10:28:24'),
(585, 'ADM', '193.72.144.10', '2010-04-13 14:31:44'),
(586, 'ADM', '193.72.144.10', '2010-04-13 14:33:33'),
(587, 'ADM', '193.72.144.10', '2010-04-14 08:29:54'),
(588, 'ADM', '193.72.144.10', '2010-04-14 16:26:04'),
(589, 'ADM', '193.72.144.10', '2010-04-15 08:00:53'),
(590, 'MPJ', '193.72.144.227', '2010-04-15 15:30:17'),
(591, 'ADM', '193.72.144.10', '2010-04-16 07:53:55'),
(592, 'OLD', '193.72.144.10', '2010-04-16 08:21:09'),
(593, 'JPD', '193.72.144.10', '2010-04-16 08:56:08'),
(594, 'MHE', '193.72.144.10', '2010-04-16 13:04:02'),
(595, 'MHE', '193.72.144.10', '2010-04-16 13:05:10'),
(596, 'OLD', '193.72.144.10', '2010-04-16 13:04:36'),
(597, 'FDA', '193.72.144.227', '2010-04-19 08:07:58'),
(598, 'ADM', '193.72.144.10', '2010-04-19 09:14:37'),
(599, 'ADM', '193.72.144.10', '2010-04-20 08:34:28'),
(600, 'ADM', '193.72.144.10', '2010-04-20 15:54:20'),
(601, 'ADM', '193.72.144.10', '2010-04-21 08:32:00'),
(602, 'ADM', '193.72.144.10', '2010-04-22 08:27:18'),
(603, 'OLD', '193.72.144.10', '2010-04-22 09:27:36'),
(604, 'ADM', '193.72.144.10', '2010-04-23 08:04:09'),
(605, 'ADM', '193.72.144.10', '2010-04-23 10:07:56'),
(606, 'ADM', '193.72.144.10', '2010-04-26 08:25:37'),
(607, 'ADM', '193.72.144.10', '2010-04-27 08:29:25'),
(608, 'OLD', '193.72.144.10', '2010-04-27 13:14:54'),
(609, 'ADM', '193.72.144.10', '2010-04-27 16:15:41'),
(610, 'ADM', '193.72.144.10', '2010-04-28 08:30:47'),
(611, 'ADM', '193.72.144.10', '2010-04-29 08:26:39'),
(612, 'JPD', '193.72.144.10', '2010-04-29 13:51:32'),
(613, 'VHE', '193.72.144.227', '2010-04-29 13:51:18'),
(614, 'ADM', '193.72.144.10', '2010-04-30 08:25:13'),
(615, 'ADM', '193.72.144.10', '2010-05-03 08:28:11'),
(616, 'GWU', '193.72.144.227', '2010-05-03 09:23:04'),
(617, 'GWU', '193.72.144.227', '2010-05-04 10:03:06'),
(618, 'ADM', '193.72.144.10', '2010-05-04 13:35:53'),
(619, 'ADM', '193.72.144.10', '2010-05-05 08:10:00'),
(620, 'JPD', '193.72.144.10', '2010-05-06 11:59:17'),
(621, 'GWU', '193.72.144.227', '2010-05-06 13:58:32'),
(622, 'ADU', '193.72.144.10', '2010-05-06 17:33:31'),
(623, 'MPJ', '193.72.144.227', '2010-05-07 10:20:52'),
(624, 'ADM', '193.72.144.10', '2010-05-07 14:20:04'),
(625, 'GWU', '193.72.144.227', '2010-05-10 11:34:11'),
(626, 'OLD', '193.72.144.10', '2010-05-12 11:04:25'),
(627, 'ADM', '193.72.144.227', '2010-05-20 16:27:29'),
(628, 'BPE', '193.72.144.226', '2010-05-20 16:35:26'),
(629, 'FBU', '193.72.144.227', '2010-05-20 17:17:01'),
(630, 'ADM', '193.72.144.227', '2010-05-21 08:19:40'),
(631, 'GWU', '193.72.144.227', '2010-05-21 08:43:52'),
(632, 'MDO', '193.72.144.10', '2010-05-21 09:40:29'),
(633, 'ADM', '193.72.144.227', '2010-05-21 09:46:24'),
(634, 'OLD', '193.72.144.10', '2010-05-26 13:16:11'),
(635, 'GWU', '193.72.144.227', '2010-05-26 14:46:42'),
(636, 'GWU', '188.165.208.154', '2010-05-27 11:08:18'),
(637, 'ADM', '188.165.208.154', '2010-05-27 11:41:27'),
(638, 'ADM', '188.165.208.154', '2010-05-28 08:24:11'),
(639, 'GWU', '188.165.208.154', '2010-05-28 08:26:33'),
(640, 'MHE', '188.165.208.154', '2010-05-28 08:25:56'),
(641, 'ADM', '188.165.208.154', '2010-05-28 09:52:33'),
(642, 'TST', '188.165.208.154', '2010-05-28 09:53:12'),
(643, 'BDD', '188.165.208.154', '2010-05-28 09:55:32'),
(644, 'BDD', '188.165.208.154', '2010-05-28 09:54:59'),
(645, 'BDD', '188.165.208.154', '2010-05-28 09:57:10'),
(646, 'ADM', '188.165.208.154', '2010-05-28 10:13:37'),
(647, 'FDA', '188.165.208.154', '2010-05-28 11:38:55'),
(648, 'GWU', '193.72.144.227', '2010-05-31 10:52:36'),
(649, 'BDD', '193.72.144.227', '2010-06-02 09:53:25'),
(650, 'OLD', '193.72.144.10', '2010-06-02 14:08:47'),
(651, 'GWU', '193.72.144.227', '2010-06-03 15:50:33'),
(652, 'ADM', '193.72.144.227', '2010-06-04 08:29:51'),
(653, 'JPD', '193.72.144.10', '2010-06-04 09:04:23'),
(654, 'GWU', '193.72.144.227', '2010-06-04 10:56:36'),
(655, 'GWU', '193.72.144.227', '2010-06-08 08:25:14'),
(656, 'OLD', '193.72.144.10', '2010-06-10 16:39:39'),
(657, 'GWU', '193.72.144.227', '2010-06-11 07:49:17'),
(658, 'OLD', '193.72.144.10', '2010-06-11 08:42:21'),
(659, 'ADM', '193.72.144.227', '2010-06-11 09:27:43'),
(660, 'MHE', '83.158.249.244', '2010-06-17 21:18:25'),
(661, 'ADM', '193.72.144.227', '2010-06-18 08:02:54'),
(662, 'GWU', '193.72.144.227', '2010-06-18 08:22:55'),
(663, 'GWU', '193.72.144.227', '2010-06-21 11:28:57'),
(664, 'ADM', '193.72.144.227', '2010-06-24 11:05:06'),
(665, 'ADM', '193.72.144.227', '2010-06-24 16:00:54'),
(666, 'ADM', '193.72.144.227', '2010-06-25 07:05:20'),
(667, 'GWU', '193.72.144.227', '2010-06-25 07:51:03'),
(668, 'GWU', '193.72.144.227', '2010-06-29 11:50:41'),
(669, 'ADU', '193.72.144.10', '2010-07-01 09:10:39'),
(670, 'ADM', '193.72.144.227', '2010-07-02 08:01:38'),
(671, 'FDA', '193.72.144.227', '2010-07-02 08:55:49'),
(672, 'OLD', '193.72.144.10', '2010-07-08 10:34:33'),
(673, 'FBU', '193.72.144.227', '2010-07-08 10:34:37'),
(674, 'ADM', '193.72.144.227', '2010-07-13 10:35:12'),
(675, 'ADM', '193.72.144.227', '2010-07-15 15:37:13'),
(676, 'OLD', '193.72.144.10', '2010-07-16 08:30:20'),
(677, 'JPD', '193.72.144.10', '2010-07-16 08:58:33'),
(678, 'ADM', '193.72.144.227', '2010-07-16 09:05:42'),
(679, 'ADM', '193.72.144.227', '2010-07-19 14:03:09'),
(680, 'ADM', '193.72.144.227', '2010-07-22 15:02:36'),
(681, 'FDA', '193.72.144.227', '2010-07-22 17:34:31'),
(682, 'ADM', '193.72.144.227', '2010-07-23 08:38:22'),
(683, 'MHE', '193.72.144.10', '2010-07-23 08:41:11'),
(684, 'OLD', '193.72.144.10', '2010-07-23 08:42:24'),
(685, 'PGH', '193.72.144.227', '2010-07-23 09:06:58'),
(686, 'OLD', '193.72.144.10', '2010-07-27 09:00:21'),
(687, 'ADM', '193.72.144.227', '2010-07-29 16:36:11'),
(688, 'FDA', '193.72.144.227', '2010-08-02 15:27:45'),
(689, 'SGB', '193.72.144.10', '2010-08-05 16:40:39'),
(690, 'ADU', '193.72.144.227', '2010-08-05 16:45:01'),
(691, 'PGH', '193.72.144.227', '2010-08-06 08:26:39'),
(692, 'RWR', '193.72.144.227', '2010-08-06 08:32:10'),
(693, 'RWR', '193.72.144.227', '2010-08-06 08:33:19'),
(694, 'JCB', '193.72.144.10', '2010-08-10 09:27:28'),
(695, 'FDA', '193.72.144.227', '2010-08-12 11:10:33'),
(696, 'ADU', '193.72.144.10', '2010-08-12 11:10:41'),
(697, 'PGH', '193.72.144.227', '2010-08-12 16:01:48'),
(698, 'GMO', '193.72.144.10', '2010-08-12 18:10:59'),
(699, 'JPD', '193.72.144.10', '2010-08-13 08:50:40'),
(700, 'ADM', '193.72.144.227', '2010-08-16 09:09:08'),
(701, 'GWU', '193.72.144.227', '2010-08-17 12:14:49'),
(702, 'DBY', '193.72.144.10', '2010-08-18 12:56:04'),
(703, 'GWU', '193.72.144.227', '2010-08-20 08:18:29'),
(704, 'GMO', '193.72.144.10', '2010-08-20 09:02:30'),
(705, 'MPJ', '193.72.144.10', '2010-08-20 09:06:52'),
(706, 'GWU', '193.72.144.227', '2010-08-27 08:49:36'),
(707, 'JPD', '193.72.144.10', '2010-08-27 09:04:24'),
(708, 'PGH', '193.72.144.227', '2010-08-27 09:05:47'),
(709, 'GWU', '193.72.144.227', '2010-08-30 16:51:52'),
(710, 'FBU', '193.72.144.10', '2010-09-02 16:51:30'),
(711, 'JPD', '193.72.144.227', '2010-09-02 18:06:38'),
(712, 'GWU', '193.72.144.10', '2010-09-03 08:45:04'),
(713, 'FBU', '193.72.144.10', '2010-09-03 09:27:24'),
(714, 'JPD', '193.72.144.10', '2010-09-03 09:27:51'),
(715, 'ADM', '193.72.144.10', '2010-09-03 12:10:23'),
(716, 'FBU', '193.72.144.10', '2010-09-03 12:11:56'),
(717, 'FBU', '193.72.144.10', '2010-09-03 12:12:55'),
(718, 'FBU', '193.72.144.227', '2010-09-03 12:15:23'),
(719, 'ADM', '193.72.144.10', '2010-09-03 12:17:11'),
(720, 'ADM', '193.72.144.10', '2010-09-03 12:17:52'),
(721, 'ADM', '193.72.144.10', '2010-09-03 12:18:07'),
(722, 'FBU', '193.72.144.227', '2010-09-03 12:21:23'),
(723, 'FBU', '193.72.144.227', '2010-09-03 14:57:14'),
(724, 'ADM', '193.72.144.10', '2010-09-06 13:17:13'),
(725, 'ADM', '193.72.144.10', '2010-09-09 15:39:36'),
(726, 'GMO', '193.72.144.10', '2010-09-09 18:22:24'),
(727, 'GWU', '193.72.144.227', '2010-09-10 09:08:39'),
(728, 'JPD', '193.72.144.10', '2010-09-10 09:16:30'),
(729, 'FBU', '193.72.144.227', '2010-09-10 09:18:48'),
(730, 'DBY', '193.72.144.10', '2010-09-10 12:49:47'),
(731, 'GWU', '193.72.144.227', '2010-09-10 13:46:46'),
(732, 'PGH', '193.72.144.227', '2010-09-17 08:11:28'),
(733, 'ADM', '193.72.144.10', '2010-09-17 08:59:44'),
(734, 'FBU', '193.72.144.227', '2010-09-23 17:34:09'),
(735, 'ADM', '193.72.144.10', '2010-09-24 08:04:45'),
(736, 'PGH', '193.72.144.10', '2010-09-24 08:26:24'),
(737, 'ADU', '193.72.144.10', '2010-09-24 09:05:37'),
(738, 'MDO', '193.72.144.227', '2010-09-24 09:06:52'),
(739, 'ADM', '193.72.144.10', '2010-09-28 10:03:54'),
(740, 'LBU', '193.72.144.10', '2010-09-28 10:20:12'),
(741, 'LBU', '193.72.144.227', '2010-09-28 10:20:20'),
(742, 'ADM', '193.72.144.10', '2010-09-28 10:21:55'),
(743, 'GWU', '193.72.144.227', '2010-09-28 16:49:47'),
(744, 'GWU', '193.72.144.227', '2010-09-29 15:35:31'),
(745, 'ADM', '193.72.144.10', '2010-09-30 17:04:06'),
(746, 'RWR', '193.72.144.227', '2010-10-01 08:10:02'),
(747, 'PGH', '193.72.144.10', '2010-10-01 08:20:15'),
(748, 'GWU', '193.72.144.227', '2010-10-01 09:09:14'),
(749, 'GWU', '193.72.144.227', '2010-10-04 16:51:02'),
(750, 'ADM', '193.72.144.10', '2010-10-07 16:37:09'),
(751, 'GWU', '193.72.144.227', '2010-10-08 08:46:24'),
(752, 'ADM', '193.72.144.10', '2010-10-08 09:43:59'),
(753, 'PGH', '193.72.144.10', '2010-10-13 08:41:01'),
(754, 'VHE', '193.72.144.10', '2010-10-14 16:36:49'),
(755, 'FDA', '193.72.144.227', '2010-10-14 17:31:37'),
(756, 'JPD', '193.72.144.227', '2010-10-14 17:31:41'),
(757, 'FBU', '193.72.144.227', '2010-10-14 17:32:21'),
(758, 'GMO', '193.72.144.10', '2010-10-15 08:52:44'),
(759, 'LBU', '193.72.144.227', '2010-10-15 08:53:12'),
(760, 'ADM', '193.72.144.10', '2010-10-15 08:53:54'),
(761, 'ADM', '193.72.144.10', '2010-10-15 09:41:27'),
(762, 'DDA', '193.72.144.10', '2010-10-15 11:59:38'),
(763, 'GWU', '193.72.144.227', '2010-10-15 13:07:29'),
(764, 'EMA', '194.230.146.37', '2010-10-17 21:59:42'),
(765, 'GWU', '193.72.144.227', '2010-10-18 12:54:15'),
(766, 'RWR', '193.72.144.227', '2010-10-20 08:39:17'),
(767, 'MPJ', '193.72.144.10', '2010-10-20 13:34:10'),
(768, 'DDA', '193.72.144.10', '2010-10-21 09:16:26'),
(769, 'ADU', '193.72.144.10', '2010-10-21 16:37:58'),
(770, 'GWU', '193.72.144.227', '2010-10-22 08:22:49'),
(771, 'PGH', '193.72.144.227', '2010-10-22 08:33:01'),
(772, 'MPJ', '193.72.144.10', '2010-10-22 09:52:06'),
(773, 'GWU', '193.72.144.10', '2010-11-01 09:26:21'),
(774, 'FBU', '193.72.144.10', '2010-11-01 09:34:01'),
(775, 'FBU', '193.72.144.10', '2010-11-01 09:34:06'),
(776, 'LKL', '193.72.144.10', '2010-11-01 09:35:18'),
(777, 'PGH', '193.72.144.10', '2010-11-01 09:36:16'),
(778, 'ADM', '193.72.144.10', '2010-11-04 09:04:43'),
(779, 'FDA', '193.72.144.227', '2010-11-04 09:22:45'),
(780, 'FBU', '193.72.144.10', '2010-11-04 14:12:19'),
(781, 'GMO', '193.72.144.10', '2010-11-05 08:48:33'),
(782, 'eca', '193.72.144.227', '2010-11-05 09:16:33'),
(783, 'RWR', '193.72.144.227', '2010-11-10 09:55:56'),
(784, 'ADM', '193.72.144.10', '2010-11-11 13:16:05'),
(785, 'GWU', '193.72.144.227', '2010-11-11 16:04:14'),
(786, 'JPD', '193.72.144.10', '2010-11-11 17:38:32'),
(787, 'JPD', '193.72.144.10', '2010-11-11 17:42:20'),
(788, 'GWU', '193.72.144.227', '2010-11-17 17:35:21'),
(789, 'JPD', '193.72.144.10', '2010-11-19 09:05:19'),
(790, 'GWU', '193.72.144.227', '2010-11-22 09:22:48'),
(791, 'ADM', '10.67.61.178', '2010-11-25 17:00:31'),
(792, 'FBU', '10.67.61.178', '2010-11-25 17:14:36'),
(793, 'PGH', '10.67.61.178', '2010-11-25 17:14:42'),
(794, 'FDA', '10.67.61.178', '2010-11-26 09:26:17'),
(795, 'ADM', '10.67.61.178', '2010-11-26 09:27:39'),
(796, 'FDA', '10.67.61.178', '2010-11-26 09:37:13'),
(797, 'LCA', '10.67.61.178', '2010-11-26 09:38:48'),
(798, 'FDA', '10.67.61.178', '2010-11-26 09:41:57'),
(799, 'GWU', '10.67.61.178', '2010-11-30 13:06:07'),
(800, 'ADM', '10.67.61.178', '2010-11-30 14:01:13'),
(801, 'ADM', '10.67.61.178', '2010-12-02 15:54:48'),
(802, 'ADU', '10.67.61.178', '2010-12-02 17:04:24'),
(803, 'SGB', '10.67.61.178', '2010-12-02 17:10:41'),
(804, 'eca', '10.67.61.178', '2010-12-03 08:36:06'),
(805, 'ADM', '10.67.61.178', '2010-12-03 08:40:30'),
(806, 'ADM', '10.67.61.178', '2010-12-03 09:39:10'),
(807, 'BMM', '10.67.61.178', '2010-12-03 10:28:39'),
(808, 'ADM', '10.67.61.178', '2010-12-03 16:26:44'),
(809, 'PGH', '10.67.61.178', '2010-12-07 08:26:04'),
(810, 'BMM', '10.67.61.178', '2010-12-09 16:59:31'),
(811, 'FBU', '10.67.61.178', '2010-12-09 17:00:08'),
(812, 'LBU', '10.67.61.178', '2010-12-09 17:13:17'),
(813, 'BMM', '10.67.61.178', '2010-12-10 09:02:57'),
(814, 'PGH', '10.67.61.178', '2010-12-10 09:14:07'),
(815, 'GMO', '10.67.61.178', '2010-12-10 09:20:59'),
(816, 'FDA', '10.67.61.178', '2010-12-10 10:10:50'),
(817, 'ADM', '193.72.144.227', '2010-12-13 14:34:01'),
(818, 'ADM', '193.72.144.227', '2010-12-13 14:48:38'),
(819, 'ADM', '193.72.144.227', '2010-12-13 15:36:39'),
(820, 'LBU', '193.72.144.227', '2010-12-13 15:41:42'),
(821, 'LCO', '193.72.144.227', '2010-12-13 15:43:58'),
(822, 'LBU', '193.72.144.227', '2010-12-13 15:44:58'),
(823, 'LCO', '193.72.144.227', '2010-12-13 15:49:52'),
(824, 'PSW', '193.72.144.227', '2010-12-13 15:50:18'),
(825, 'GMO', '193.72.144.227', '2010-12-13 15:51:10'),
(826, 'GMO', '193.72.144.227', '2010-12-13 15:51:31'),
(827, 'GMO', '193.72.144.227', '2010-12-13 15:51:50'),
(828, 'GMO', '193.72.144.10', '2010-12-13 15:52:32'),
(829, 'LCO', '193.72.144.227', '2010-12-13 16:22:54'),
(830, 'DBY', '193.72.144.227', '2010-12-13 16:24:05'),
(831, 'DBY', '193.72.144.10', '2010-12-13 17:35:45'),
(832, 'DBY', '193.72.144.10', '2010-12-13 17:36:21'),
(833, 'ADM', '10.20.12.4', '2010-12-17 09:26:19'),
(834, 'ADM', '193.72.144.10', '2010-12-17 13:34:18'),
(835, 'eca', '193.72.144.10', '2010-12-17 13:36:39'),
(836, 'eca', '193.72.144.227', '2010-12-17 14:07:58'),
(837, 'ADM', '193.72.144.10', '2010-12-24 11:44:48'),
(838, 'ADM', '85.218.19.186', '2010-12-30 18:38:23');

-- --------------------------------------------------------

--
-- Structure de la table `SETTINGS`
--

CREATE TABLE IF NOT EXISTS `SETTINGS` (
  `pk_fk_user_id` varchar(3) NOT NULL,
  `nb_day_before_mail` int(11) NOT NULL,
  `nb_day_to_see` int(11) NOT NULL,
  `send_mail_before_date` tinyint(1) NOT NULL,
  `email_visible` tinyint(1) NOT NULL,
  `receive_notification` tinyint(1) NOT NULL,
  `page_accueil` varchar(80) NOT NULL,
  PRIMARY KEY (`pk_fk_user_id`)
) ENGINE=MyISAM DEFAULT CHARSET=latin1;

--
-- Contenu de la table `SETTINGS`
--

INSERT INTO `SETTINGS` (`pk_fk_user_id`, `nb_day_before_mail`, `nb_day_to_see`, `send_mail_before_date`, `email_visible`, `receive_notification`, `page_accueil`) VALUES
('ADM', 1, 20, 1, 0, 0, 'liste'),
('LCO', 1, 20, 1, 1, 0, 'liste'),
('adi', 1, 10, 1, 0, 0, 'accueil'),
('TFO', 1, 30, 1, 0, 0, 'liste'),
('GMO', 1, 10, 1, 0, 0, 'liste'),
('LBU', 1, 10, 1, 0, 0, 'accueil'),
('ODE', 1, 10, 1, 0, 0, 'accueil'),
('CEL', 1, 10, 1, 0, 0, 'accueil'),
('VHE', 1, 10, 1, 0, 0, 'accueil'),
('eca', 1, 10, 1, 0, 0, 'accueil'),
('MPJ', 1, 10, 1, 0, 0, 'accueil'),
('SGB', 1, 10, 1, 0, 1, 'liste'),
('FBU', 1, 30, 1, 0, 0, 'liste'),
('JPD', 1, 10, 1, 0, 0, 'liste'),
('PSW', 1, 10, 1, 0, 0, 'liste'),
('MDO', 1, 10, 1, 0, 0, 'liste'),
('LKL', 1, 10, 1, 1, 1, 'liste'),
('GWU', 1, 10, 1, 0, 0, 'liste'),
('MHE', 1, 10, 1, 0, 0, 'liste'),
('ADU', 1, 10, 1, 0, 0, 'liste'),
('FDA', 1, 10, 1, 0, 0, 'liste'),
('PMD', 1, 10, 1, 0, 0, 'liste'),
('JCB', 1, 10, 1, 0, 0, 'liste'),
('DBY', 2, 10, 1, 0, 0, 'liste'),
('BDD', 1, 10, 1, 0, 0, 'liste'),
('TST', 1, 10, 1, 0, 0, 'liste'),
('PGH', 1, 10, 1, 0, 0, 'liste'),
('RWR', 1, 10, 1, 0, 0, 'liste'),
('DDA', 1, 10, 1, 0, 0, 'liste'),
('EMA', 1, 10, 1, 0, 0, 'liste'),
('LCA', 1, 10, 1, 0, 0, 'liste'),
('BMM', 1, 10, 1, 0, 0, 'liste');

-- --------------------------------------------------------

--
-- Structure de la table `USER`
--

CREATE TABLE IF NOT EXISTS `USER` (
  `pk_user_id` varchar(3) NOT NULL,
  `firstname` varchar(80) NOT NULL,
  `lastname` varchar(80) NOT NULL,
  `email` varchar(80) NOT NULL,
  `password` varchar(80) NOT NULL,
  `last_connexion` datetime NOT NULL,
  PRIMARY KEY (`pk_user_id`),
  UNIQUE KEY `email` (`email`)
) ENGINE=MyISAM DEFAULT CHARSET=latin1;

--
-- Contenu de la table `USER`
--

INSERT INTO `USER` (`pk_user_id`, `firstname`, `lastname`, `email`, `password`, `last_connexion`) VALUES
('ADM', 'Loïc', 'Correvon', 'pumbaa@net2000.ch', '7f37817f2b6af1ccc4b5b1a8646c6885', '2009-03-03 12:36:34'),
('LCO', 'Loïc', 'Correvon', 'loic.correvon@elca.ch', '3348ef34e1aee1bf482cbdeb91cced88', '2009-02-12 05:17:32'),
('adi', '', '', 'alwin.dieperink@elca.ch', 'd31109eaf57e6802840ed09e1c18f372', '2009-01-09 12:08:15'),
('TFO', 'Thierry', 'Fortin', 'thierry.fortin@elca.ch', '7ae32cbf8fafc25e1d0a0e78a9d1ad5d', '2009-02-05 10:21:49'),
('GMO', 'Gilles', 'Morand', 'gilles.morand@elca.ch', 'c24a542f884e144451f9063b79e7994e', '2009-02-20 09:55:20'),
('LBU', '', '', 'laurent.burgbacher@elca.ch', '7c6a180b36896a0a8c02787eeafb0e4c', '2009-01-22 05:02:02'),
('ODE', 'Olivier', 'Delanne', 'olivier.delanne@elca.ch', '43b48aabe4d23da103e257991598525b', '2009-01-27 01:26:05'),
('CEL', 'Anouk', 'Durgnat', 'celine.elsner@elca.ch', 'cadfd1ba7dee25d8a3c17fcdbbec434a', '2009-02-18 08:10:23'),
('VHE', 'Vincent', 'Henriod', 'vincent.henriod@elca.ch', '7c6a180b36896a0a8c02787eeafb0e4c', '0000-00-00 00:00:00'),
('eca', '', '', 'eric.castan@elca.ch', 'c24a542f884e144451f9063b79e7994e', '2009-01-09 01:21:29'),
('MPJ', 'Pérez', 'Marcos', 'marcos.perezjurado@elca.ch', '7c6a180b36896a0a8c02787eeafb0e4c', '2009-02-19 16:14:03'),
('PSW', 'Password', 'Password', 'pumbaa666@gmail.com', '7c6a180b36896a0a8c02787eeafb0e4c', '2009-06-29 04:43:01'),
('SGB', 'Sébastien', 'Gerber', 'sebastien.gerber@elca.ch', '5b769635227598fd11d840e6421028a5', '2009-02-05 09:18:55'),
('FBU', 'François', 'Burnand', 'francois.burnand@elca.ch', 'e99a18c428cb38d5f260853678922e03', '2009-02-26 16:17:11'),
('JPD', 'JP', 'Dupasquier', 'jean-pierre.dupasquier@elca.ch', '708660f57c35a8eb53d038b6fe62d088', '0000-00-00 00:00:00'),
('MDO', '', '', 'michel.dommen@elca.ch', 'a18213738068a09a7cb04e2a2f881021', '0000-00-00 00:00:00'),
('LKL', 'Laurent', 'Kloetzer', 'laurent.kloetzer@elca.ch', 'efab86641849a6bcaef304e147c33378', '2009-05-08 09:24:48'),
('GWU', 'Grégoire', 'Wulliamoz', 'gregoire.wulliamoz@elca.ch', 'f46c10eab366759867a76b994c0aa6e6', '2009-05-08 09:32:19'),
('MHE', 'Maxime', 'Hédouin', 'maxime.hedouin@gmail.com', '460a2ae27265e0edfbb56933338f38b6', '2009-07-17 09:31:06'),
('ADU', 'Anouk', 'Durgnat', 'anouk.durgnat@elca.ch', '6ea5c405b2f46188f37199d0dfc26b7e', '2009-08-14 09:16:08'),
('FDA', 'Fabio', 'Dalmasso', 'fabio.dalmasso@elca.ch', '340b968ea126bf9bc613379dc6eb0932', '2009-11-13 09:40:00'),
('PMD', 'Pascal', 'Morard', 'pascal.morard@elca.ch', '5ac8d5421f73d2c19eb18cb524041467', '2009-12-07 10:53:42'),
('JCB', 'Jean-Christophe', 'Buache', 'jean-christophe.buache@elca.ch', 'bc2fefb97ca2d794afb78282371cb14e', '2010-02-09 01:34:17'),
('DBY', 'Daniel', 'Bany', 'daniel.bany@elca.ch', 'd587bbb68d0290757dc849acf34b000f', '2010-02-15 12:50:19'),
('BDD', 'Blandine', 'de Dainville', 'blandine.de.dainville@elca.ch', '482c811da5d5b4bc6d497ffa98491e38', '2010-05-28 09:32:09'),
('RWR', 'Romain', 'Wenger', 'romain.wenger@elca.ch', '11636578f830315405f8bd42ac4bdd85', '2010-08-06 08:30:52'),
('PGH', '', '', 'pierre.guivarch@elca.ch', 'eeb09e363ef0913a4b8204b117bce6c6', '2010-07-23 08:41:15'),
('DDA', 'Daguerre', 'Daniel', 'daniel.daguerre@elca.ch', '1673e558f7d7db085f89edeb63b3a2fd', '2010-10-15 11:08:25'),
('EMA', 'Emmanuel', 'Mayer', 'emmanuel.mayer@elca.ch', 'd36cf0f1569f03a75d57cc08b526a63c', '2010-10-15 12:01:44'),
('LCA', 'Laura', 'Capdevila', 'laura.capdevila@elca.ch', '952c60531de115a19a8e07f8c0fed062', '2010-11-26 09:30:17'),
('BMM', 'Barbara', 'Maim', 'barbara.maim@elca.ch', '18e74e299321285253b4885161534de6', '2010-12-03 10:28:07');

-- --------------------------------------------------------

--
-- Structure de la table `VENDREDI`
--

CREATE TABLE IF NOT EXISTS `VENDREDI` (
  `pk_vendredi_id` int(11) NOT NULL AUTO_INCREMENT,
  `date` date NOT NULL,
  `fk_user_id` varchar(3) NOT NULL,
  `fk_user_id_sauveteur` varchar(3) NOT NULL,
  `remarque` varchar(1000) NOT NULL,
  PRIMARY KEY (`pk_vendredi_id`),
  KEY `fk_user` (`fk_user_id`)
) ENGINE=MyISAM  DEFAULT CHARSET=latin1 AUTO_INCREMENT=135 ;

--
-- Contenu de la table `VENDREDI`
--

INSERT INTO `VENDREDI` (`pk_vendredi_id`, `date`, `fk_user_id`, `fk_user_id_sauveteur`, `remarque`) VALUES
(2, '2009-01-09', 'TFO', '', ''),
(3, '2008-06-13', 'MPJ', '', ''),
(4, '2008-06-20', 'SGB', '', ''),
(5, '2008-06-27', 'ICH', '', ''),
(6, '2008-07-04', 'EJO', '', ''),
(7, '2008-07-11', 'CEL', '', ''),
(8, '2008-07-18', 'CJD', '', ''),
(9, '2008-07-25', 'LCO', '', ''),
(10, '2008-08-08', 'TFO', '', ''),
(11, '2008-08-15', 'MPJ', '', ''),
(12, '2008-08-22', 'SGB', '', ''),
(13, '2008-08-29', 'GMO', 'EJO', 'Gilles s''est blessé au pied et n''es pas venu travailler'),
(14, '2008-09-05', 'ODE', '', ''),
(15, '2008-09-12', 'GMO', '', ''),
(16, '2008-09-19', 'SGB', '', ''),
(17, '2008-09-26', 'TFO', '', ''),
(18, '2008-10-03', 'LCO', '', ''),
(19, '2008-10-10', 'CEL', '', ''),
(20, '2008-10-17', 'MPJ', '', ''),
(21, '2008-10-24', 'VHE', '', ''),
(22, '2008-10-31', 'GMO', '', ''),
(23, '2008-11-07', 'FDA', '', ''),
(24, '2008-11-14', 'EJO', '', ''),
(25, '2008-11-21', 'SGB', '', ''),
(26, '2008-11-28', 'CEL', 'LCO', 'Céline a oublié qu''elle avait un RDV à la harpe / Loïc à fait 4 boulangeries pour trouver assez de croissants'),
(27, '2008-12-05', 'ODE', '', ''),
(28, '2008-12-12', 'CEL', '', ''),
(29, '2008-12-19', 'COE', '', ''),
(30, '2009-02-06', 'MPJ', 'SGB', ''),
(31, '2009-01-16', 'VHE', '', ''),
(32, '2009-01-23', '', 'LCO', ''),
(33, '2009-01-30', 'ODE', '', ''),
(34, '2009-02-13', 'cag', '', ''),
(35, '2009-02-20', 'SGB', '', ''),
(36, '2009-02-27', 'GMO', '', ''),
(37, '2009-03-06', 'FBU', '', ''),
(38, '2009-03-13', 'CEL', '', ''),
(39, '2009-03-27', '', 'COE', ''),
(40, '2009-03-20', 'TFO', 'MCI', ''),
(41, '2009-04-03', '', '', ''),
(42, '2009-04-10', '', '', ''),
(43, '2009-04-17', 'MCI', 'SGB', ''),
(44, '2009-04-24', 'LCO', '', ''),
(45, '2009-05-01', 'SGB', '', ''),
(46, '2009-05-08', 'CEL', '', ''),
(47, '2009-05-29', '', 'cag', ''),
(48, '2009-06-05', 'LKL', '', ''),
(49, '2009-05-15', 'EJO', '', ''),
(50, '2009-06-19', 'VHE', '', ''),
(51, '2009-06-12', 'CEL', '', ''),
(52, '2009-07-03', 'GWU', '', ''),
(53, '2009-06-26', 'LCO', '', ''),
(54, '2009-07-10', 'JPD', '', ''),
(55, '2009-07-17', 'LKL', '', ''),
(56, '2009-08-14', 'VHE', '', ''),
(57, '2009-07-24', '', '', ''),
(58, '2009-07-31', 'FBU', '', ''),
(59, '2009-08-28', 'ADU', '', ''),
(60, '2009-08-07', 'CEL', '', ''),
(61, '2009-08-21', 'MHE', '', ''),
(62, '2009-09-18', 'GWU', 'LCO', ''),
(63, '2009-09-25', 'LCO', '', 'A été un rapiat !'),
(64, '2009-09-04', 'MPJ', '', ''),
(65, '2009-09-11', 'SGB', '', ''),
(66, '2009-10-02', 'SGB', '', ''),
(67, '2009-11-20', 'JPD', '', ''),
(68, '2009-10-09', 'TFO', '', ''),
(69, '2009-10-23', 'GMO', '', ''),
(70, '2009-10-30', 'ADU', '', ''),
(71, '2009-11-06', 'LCO', '', ''),
(72, '2009-11-13', 'OLD', '', ''),
(73, '2009-11-27', 'GWU', '', ''),
(74, '2009-12-04', 'COE', '', ''),
(75, '2009-12-11', 'FBU', '', ''),
(76, '2009-12-18', 'IGH', '', ''),
(77, '2010-01-08', 'MHE', '', ''),
(78, '2010-01-15', 'ADU', '', ''),
(79, '2010-01-22', 'FDA', '', ''),
(80, '2010-01-29', 'PMD', '', ''),
(81, '2009-12-25', 'SGB', '', ''),
(82, '2010-02-05', 'MPJ', '', ''),
(83, '2010-02-19', 'OLD', '', ''),
(84, '2010-02-12', 'JCB', '', ''),
(85, '2010-02-26', 'JPD', '', ''),
(86, '2010-03-12', 'FBU', '', ''),
(87, '2010-03-05', 'GWU', '', ''),
(88, '2010-03-19', 'DBY', '', ''),
(89, '2010-03-26', '', '', ''),
(90, '2010-04-30', 'ADU', '', ''),
(91, '2010-04-09', 'MHE', '', ''),
(92, '2010-04-16', 'ADU', '', ''),
(93, '2010-06-25', 'FBU', 'LCO', ''),
(94, '2010-04-23', 'OLD', '', ''),
(95, '2010-05-07', 'LCO', '', ''),
(96, '2010-05-21', 'VHE', '', ''),
(97, '2010-05-28', 'MPJ', '', ''),
(98, '2010-05-14', 'FDA', '', ''),
(99, '2010-06-04', 'GWU', '', ''),
(100, '2010-07-02', 'JPD', '', ''),
(101, '2010-06-11', 'BDD', 'LCO', ''),
(102, '2010-06-18', 'MHE', '', ''),
(103, '2010-07-09', 'FBU', '', ''),
(104, '2010-07-30', 'ADU', '', ''),
(105, '2010-07-16', 'FDA', '', ''),
(106, '2010-09-03', 'FDA', '', ''),
(107, '2010-07-23', 'OLD', '', ''),
(108, '2010-08-06', 'SGB', '', ''),
(109, '2010-08-13', 'PGH', '', ''),
(110, '2010-08-20', 'RWR', '', ''),
(111, '2010-08-27', 'JCB', '', ''),
(112, '2010-09-10', 'DBY', '', ''),
(113, '2010-09-17', 'GWU', '', ''),
(114, '2010-10-01', 'JPD', '', ''),
(115, '2010-10-15', 'FBU', '', ''),
(116, '2010-09-24', 'PGH', '', ''),
(117, '2010-10-08', 'MDO', '', ''),
(118, '2010-10-22', 'VHE', '', ''),
(119, '2010-10-29', 'LBU', '', ''),
(120, '2010-11-05', 'DDA', '', ''),
(121, '2010-11-12', 'RWR', '', ''),
(122, '2010-11-26', 'MPJ', '', ''),
(123, '2010-12-03', 'LKL', '', ''),
(124, '2010-11-19', 'FDA', '', ''),
(125, '2010-12-10', 'eca', '', ''),
(126, '2010-12-17', 'LCA', '', ''),
(127, '2010-12-24', 'SGB', '', ''),
(128, '2011-01-07', 'SGB', '', ''),
(129, '2011-01-28', 'TFO', '', ''),
(130, '2011-01-14', 'BMM', '', ''),
(131, '2011-01-21', 'GMO', '', ''),
(132, '2011-02-04', 'FDA', '', ''),
(133, '2010-12-31', '', '', ''),
(134, '2011-02-11', 'DBY', '', '');

-- --------------------------------------------------------

--
-- Structure de la table `WAIT_CONFIRM`
--

CREATE TABLE IF NOT EXISTS `WAIT_CONFIRM` (
  `pk_fk_user_id` varchar(3) NOT NULL,
  `password` varchar(80) NOT NULL,
  `code` varchar(32) NOT NULL,
  `wait_since` date NOT NULL,
  PRIMARY KEY (`pk_fk_user_id`),
  UNIQUE KEY `pk_fk_user_id` (`pk_fk_user_id`)
) ENGINE=MyISAM DEFAULT CHARSET=latin1;

--
-- Contenu de la table `WAIT_CONFIRM`
--

